-- MySQL dump 10.13  Distrib 5.7.12, for Win64 (x86_64)
--
-- Host: localhost    Database: daw
-- ------------------------------------------------------
-- Server version	5.7.17-log

/*!40101 SET @OLD_CHARACTER_SET_CLIENT=@@CHARACTER_SET_CLIENT */;
/*!40101 SET @OLD_CHARACTER_SET_RESULTS=@@CHARACTER_SET_RESULTS */;
/*!40101 SET @OLD_COLLATION_CONNECTION=@@COLLATION_CONNECTION */;
/*!40101 SET NAMES utf8 */;
/*!40103 SET @OLD_TIME_ZONE=@@TIME_ZONE */;
/*!40103 SET TIME_ZONE='+00:00' */;
/*!40014 SET @OLD_UNIQUE_CHECKS=@@UNIQUE_CHECKS, UNIQUE_CHECKS=0 */;
/*!40014 SET @OLD_FOREIGN_KEY_CHECKS=@@FOREIGN_KEY_CHECKS, FOREIGN_KEY_CHECKS=0 */;
/*!40101 SET @OLD_SQL_MODE=@@SQL_MODE, SQL_MODE='NO_AUTO_VALUE_ON_ZERO' */;
/*!40111 SET @OLD_SQL_NOTES=@@SQL_NOTES, SQL_NOTES=0 */;


--
-- Table structure for table `ads`
--

DROP TABLE IF EXISTS `ads`;
/*!40101 SET @saved_cs_client     = @@character_set_client */;
/*!40101 SET character_set_client = utf8 */;
CREATE TABLE `ads` (
  `id` bigint(20) NOT NULL AUTO_INCREMENT,
  `clicks` int(11) NOT NULL,
  `date_insert` datetime NOT NULL,
  `lim_clicks` int(11) DEFAULT NULL,
  `lim_date_end` datetime DEFAULT NULL,
  `lim_date_start` datetime DEFAULT NULL,
  `lim_views` int(11) DEFAULT NULL,
  `title` varchar(255) NOT NULL,
  `url` varchar(255) NOT NULL,
  `views` int(11) NOT NULL,
  `weight` int(11) NOT NULL,
  `author_id` bigint(20) NOT NULL,
  PRIMARY KEY (`id`),
  KEY `FKhkvfso0nawa9lrpqymm73pe9s` (`author_id`),
  CONSTRAINT `FKhkvfso0nawa9lrpqymm73pe9s` FOREIGN KEY (`author_id`) REFERENCES `users` (`id`)
) ENGINE=InnoDB AUTO_INCREMENT=3 DEFAULT CHARSET=utf8;
/*!40101 SET character_set_client = @saved_cs_client */;

--
-- Dumping data for table `ads`
--

LOCK TABLES `ads` WRITE;
/*!40000 ALTER TABLE `ads` DISABLE KEYS */;
INSERT INTO `ads` VALUES (1,0,'2017-04-25 10:07:58',1500,NULL,NULL,700,'ZalduaAbogados','http://www.zgasociados.com/',0,40,6),(2,0,'2017-04-25 10:07:58',1200,NULL,'2017-04-25 10:07:58',NULL,'HyS','http://www.hys.es/es-es',0,40,6);
/*!40000 ALTER TABLE `ads` ENABLE KEYS */;
UNLOCK TABLES;

--
-- Table structure for table `article_tags`
--

DROP TABLE IF EXISTS `article_tags`;
/*!40101 SET @saved_cs_client     = @@character_set_client */;
/*!40101 SET character_set_client = utf8 */;
CREATE TABLE `article_tags` (
  `article_id` bigint(20) NOT NULL,
  `tags` varchar(255) DEFAULT NULL,
  KEY `FKeoil73g36agokjw6vuklqgli3` (`article_id`),
  CONSTRAINT `FKeoil73g36agokjw6vuklqgli3` FOREIGN KEY (`article_id`) REFERENCES `articles` (`id`)
) ENGINE=InnoDB DEFAULT CHARSET=utf8;
/*!40101 SET character_set_client = @saved_cs_client */;

--
-- Dumping data for table `article_tags`
--

LOCK TABLES `article_tags` WRITE;
/*!40000 ALTER TABLE `article_tags` DISABLE KEYS */;
INSERT INTO `article_tags` VALUES (1,'Madrid'),(1,'Cosas que pasan'),(1,'Alicatador'),(2,'Madrid'),(2,'Cosas que pasan'),(2,'Alicatador'),(3,'Madrid'),(3,'Cosas que pasan'),(3,'Alicatador'),(4,'Madrid'),(4,'Cosas que pasan'),(4,'Alicatador'),(5,'Madrid'),(5,'Cosas que pasan'),(5,'Alicatador'),(6,'Madrid'),(6,'Cosas que pasan'),(6,'Alicatador'),(7,'Madrid'),(7,'Cosas que pasan'),(7,'Alicatador'),(8,'Madrid'),(8,'Cosas que pasan'),(8,'Alicatador'),(9,'Madrid'),(9,'Cosas que pasan'),(9,'Alicatador'),(10,'Madrid'),(10,'Cosas que pasan'),(10,'Alicatador'),(11,'Madrid'),(11,'Cosas que pasan'),(11,'Alicatador'),(12,'Madrid'),(12,'Cosas que pasan'),(12,'Alicatador'),(13,'Madrid'),(13,'Cosas que pasan'),(13,'Alicatador'),(14,'Madrid'),(14,'Cosas que pasan'),(14,'Alicatador'),(15,'Madrid'),(15,'Cosas que pasan'),(15,'Alicatador'),(16,'Madrid'),(16,'Cosas que pasan'),(16,'Alicatador'),(17,'Madrid'),(17,'Cosas que pasan'),(17,'Alicatador'),(18,'Madrid'),(18,'Cosas que pasan'),(18,'Alicatador'),(19,'Madrid'),(19,'Cosas que pasan'),(19,'Alicatador'),(20,'Madrid'),(20,'Cosas que pasan'),(20,'Alicatador'),(21,'Madrid'),(21,'Cosas que pasan'),(21,'Alicatador'),(22,'Madrid'),(22,'Cosas que pasan'),(22,'Alicatador'),(23,'Madrid'),(23,'Cosas que pasan'),(23,'Alicatador'),(24,'Madrid'),(24,'Cosas que pasan'),(24,'Alicatador'),(25,'Madrid'),(25,'Cosas que pasan'),(25,'Alicatador'),(26,'Madrid'),(26,'Cosas que pasan'),(26,'Alicatador'),(27,'Madrid'),(27,'Cosas que pasan'),(27,'Alicatador'),(28,'Madrid'),(28,'Cosas que pasan'),(28,'Alicatador'),(29,'Madrid'),(29,'Cosas que pasan'),(29,'Alicatador'),(30,'Madrid'),(30,'Cosas que pasan'),(30,'Alicatador'),(31,'Madrid'),(31,'Cosas que pasan'),(31,'Alicatador'),(32,'Madrid'),(32,'Cosas que pasan'),(32,'Alicatador');
/*!40000 ALTER TABLE `article_tags` ENABLE KEYS */;
UNLOCK TABLES;

--
-- Table structure for table `articles`
--

DROP TABLE IF EXISTS `articles`;
/*!40101 SET @saved_cs_client     = @@character_set_client */;
/*!40101 SET character_set_client = utf8 */;
CREATE TABLE `articles` (
  `id` bigint(20) NOT NULL AUTO_INCREMENT,
  `category` varchar(255) NOT NULL,
  `content` text NOT NULL,
  `date_insert` datetime NOT NULL,
  `source` varchar(255) NOT NULL,
  `title` varchar(255) NOT NULL,
  `views` int(11) NOT NULL,
  `visible` bit(1) NOT NULL,
  `author_id` bigint(20) NOT NULL,
  PRIMARY KEY (`id`),
  KEY `FKe02fs2ut6qqoabfhj325wcjul` (`author_id`),
  CONSTRAINT `FKe02fs2ut6qqoabfhj325wcjul` FOREIGN KEY (`author_id`) REFERENCES `users` (`id`)
) ENGINE=InnoDB AUTO_INCREMENT=33 DEFAULT CHARSET=utf8;
/*!40101 SET character_set_client = @saved_cs_client */;

--
-- Dumping data for table `articles`
--

LOCK TABLES `articles` WRITE;
/*!40000 ALTER TABLE `articles` DISABLE KEYS */;
INSERT INTO `articles` VALUES (1,'madrid','Madrid ha activado esta mañana por primera vez en su historia el escenario 3 del protocolo de contaminación, que **prohíbe circular** por la ciudad a cualquier persona que no haya votado a Manuela Carmena en las pasadas elecciones municipales. \"*La alta **contaminación** de dióxido de nitrógeno (NO2) nos obliga a prohibir que entren en la almendra central de la ciudad los vehículos cuyos propietarios sean de derechas*\", ha explicado Marta Higueras, teniente de alcalde del Ayuntamiento de Madrid.\r\n\r\n~~\r\n\"Nadie de izquierdas tiene coche\",\r\ninsisten desde el consistorio.\r\n~~\r\n\r\n\"*El objetivo principal es minimizar los efectos de la polución en la salud de la ciudadanía, pues había días que no se podía respirar en la ciudad*\", ha explicado la delegada de Medio Ambiente para defender la aplicación, en el día de hoy, de las restricciones al tráfico a los conductores que no han votado a partidos de izquierdas. Según los primeros datos manejados por el Consistorio, en la primera hora de aplicación de la medida (entre las 7 y las 8 de la mañana) hubo un **8% menos de coches** que accedieron al centro de la capital.\r\n\r\nTambién según los datos manejados por las autoridades, se han escuchado muchas menos emisoras de ideología conservadora y se han atropellado menos ciclistas de Podemos que en un día normal.\r\n\r\n[[http://madrid.gonzalocebrian.com/wp-content/themes/journal2/img/loading_home3.jpg|right|Imagen lateral]]\r\n\r\nLa delegada no ha avanzado datos sobre **multas**, algo que se dejará para el final del episodio, y ha querido incidir en el mensaje principal: poner el foco en la salud de la población. \"*El mensaje principal es que hay que cumplir las ordenanza*\", ha afirmado Sabanés, y ha recordado: \"*Todos los agentes saben lo que tienen que hacer, que es informar y dar alternativas ideológicas a los conductores*\".\r\n\r\n\"*Yo soy de derechas y por lo tanto mis pulmones son liberales y pueden soportar cualquier tipo de aire contaminado siempre que éste sea español y provenga de coches fabricados por grandes corporaciones capitalistas*\", ha explicado un ciudadano que se ha visto obligado a coger el tren **como los hippies de la Edad Media**.\r\n\r\nLa medida ha entrado en vigor a las 6.30 de esta mañana y se extenderá **hasta las 21.00**. Las restricciones de aparcamiento arrancan a las 9.00 y finalizan a las 21.00. La policía ya ha empezado a multar a los coches con pegatinas con la bandera de España.\r\n\r\nSegún todas las fuentes, **Esperanza Aguirre ha estado circulando durante toda la mañana** por Gran Vía dirigiendo un convoy formado por 15 camiones altamente contaminantes diseñados por ingenieros orcos para defender \"el liberalismo, el librepensamiento, la libertad individual y la intromisión ilegítima del Estado en el Medio Ambiente individual\".\r\n[[http://www.precege.com/wp-content/uploads/2015/12/oposiciones-madrid.jpg|full|Imagen final]]','2017-04-25 10:07:58','http://www.mifuente.com','El Ayuntamiento de Madrid prohíbe circular a los conductores del Partido Popular',0,'',6),(2,'espana','Madrid ha activado esta mañana por primera vez en su historia el escenario 3 del protocolo de contaminación, que **prohíbe circular** por la ciudad a cualquier persona que no haya votado a Manuela Carmena en las pasadas elecciones municipales. \"*La alta **contaminación** de dióxido de nitrógeno (NO2) nos obliga a prohibir que entren en la almendra central de la ciudad los vehículos cuyos propietarios sean de derechas*\", ha explicado Marta Higueras, teniente de alcalde del Ayuntamiento de Madrid.\r\n\r\n~~\r\n\"Nadie de izquierdas tiene coche\",\r\ninsisten desde el consistorio.\r\n~~\r\n\r\n\"*El objetivo principal es minimizar los efectos de la polución en la salud de la ciudadanía, pues había días que no se podía respirar en la ciudad*\", ha explicado la delegada de Medio Ambiente para defender la aplicación, en el día de hoy, de las restricciones al tráfico a los conductores que no han votado a partidos de izquierdas. Según los primeros datos manejados por el Consistorio, en la primera hora de aplicación de la medida (entre las 7 y las 8 de la mañana) hubo un **8% menos de coches** que accedieron al centro de la capital.\r\n\r\nTambién según los datos manejados por las autoridades, se han escuchado muchas menos emisoras de ideología conservadora y se han atropellado menos ciclistas de Podemos que en un día normal.\r\n\r\n[[http://madrid.gonzalocebrian.com/wp-content/themes/journal2/img/loading_home3.jpg|right|Imagen lateral]]\r\n\r\nLa delegada no ha avanzado datos sobre **multas**, algo que se dejará para el final del episodio, y ha querido incidir en el mensaje principal: poner el foco en la salud de la población. \"*El mensaje principal es que hay que cumplir las ordenanza*\", ha afirmado Sabanés, y ha recordado: \"*Todos los agentes saben lo que tienen que hacer, que es informar y dar alternativas ideológicas a los conductores*\".\r\n\r\n\"*Yo soy de derechas y por lo tanto mis pulmones son liberales y pueden soportar cualquier tipo de aire contaminado siempre que éste sea español y provenga de coches fabricados por grandes corporaciones capitalistas*\", ha explicado un ciudadano que se ha visto obligado a coger el tren **como los hippies de la Edad Media**.\r\n\r\nLa medida ha entrado en vigor a las 6.30 de esta mañana y se extenderá **hasta las 21.00**. Las restricciones de aparcamiento arrancan a las 9.00 y finalizan a las 21.00. La policía ya ha empezado a multar a los coches con pegatinas con la bandera de España.\r\n\r\nSegún todas las fuentes, **Esperanza Aguirre ha estado circulando durante toda la mañana** por Gran Vía dirigiendo un convoy formado por 15 camiones altamente contaminantes diseñados por ingenieros orcos para defender \"el liberalismo, el librepensamiento, la libertad individual y la intromisión ilegítima del Estado en el Medio Ambiente individual\".\r\n[[http://www.precege.com/wp-content/uploads/2015/12/oposiciones-madrid.jpg|full|Imagen final]]','2017-04-25 10:07:58','http://www.mifuente.com','JxSí y la CUP tumban la comparecencia de Puigdemont por el caso Santi Vidal',0,'',6),(3,'mundo','Madrid ha activado esta mañana por primera vez en su historia el escenario 3 del protocolo de contaminación, que **prohíbe circular** por la ciudad a cualquier persona que no haya votado a Manuela Carmena en las pasadas elecciones municipales. \"*La alta **contaminación** de dióxido de nitrógeno (NO2) nos obliga a prohibir que entren en la almendra central de la ciudad los vehículos cuyos propietarios sean de derechas*\", ha explicado Marta Higueras, teniente de alcalde del Ayuntamiento de Madrid.\r\n\r\n~~\r\n\"Nadie de izquierdas tiene coche\",\r\ninsisten desde el consistorio.\r\n~~\r\n\r\n\"*El objetivo principal es minimizar los efectos de la polución en la salud de la ciudadanía, pues había días que no se podía respirar en la ciudad*\", ha explicado la delegada de Medio Ambiente para defender la aplicación, en el día de hoy, de las restricciones al tráfico a los conductores que no han votado a partidos de izquierdas. Según los primeros datos manejados por el Consistorio, en la primera hora de aplicación de la medida (entre las 7 y las 8 de la mañana) hubo un **8% menos de coches** que accedieron al centro de la capital.\r\n\r\nTambién según los datos manejados por las autoridades, se han escuchado muchas menos emisoras de ideología conservadora y se han atropellado menos ciclistas de Podemos que en un día normal.\r\n\r\n[[http://madrid.gonzalocebrian.com/wp-content/themes/journal2/img/loading_home3.jpg|right|Imagen lateral]]\r\n\r\nLa delegada no ha avanzado datos sobre **multas**, algo que se dejará para el final del episodio, y ha querido incidir en el mensaje principal: poner el foco en la salud de la población. \"*El mensaje principal es que hay que cumplir las ordenanza*\", ha afirmado Sabanés, y ha recordado: \"*Todos los agentes saben lo que tienen que hacer, que es informar y dar alternativas ideológicas a los conductores*\".\r\n\r\n\"*Yo soy de derechas y por lo tanto mis pulmones son liberales y pueden soportar cualquier tipo de aire contaminado siempre que éste sea español y provenga de coches fabricados por grandes corporaciones capitalistas*\", ha explicado un ciudadano que se ha visto obligado a coger el tren **como los hippies de la Edad Media**.\r\n\r\nLa medida ha entrado en vigor a las 6.30 de esta mañana y se extenderá **hasta las 21.00**. Las restricciones de aparcamiento arrancan a las 9.00 y finalizan a las 21.00. La policía ya ha empezado a multar a los coches con pegatinas con la bandera de España.\r\n\r\nSegún todas las fuentes, **Esperanza Aguirre ha estado circulando durante toda la mañana** por Gran Vía dirigiendo un convoy formado por 15 camiones altamente contaminantes diseñados por ingenieros orcos para defender \"el liberalismo, el librepensamiento, la libertad individual y la intromisión ilegítima del Estado en el Medio Ambiente individual\".\r\n[[http://www.precege.com/wp-content/uploads/2015/12/oposiciones-madrid.jpg|full|Imagen final]]','2017-04-25 10:07:58','http://www.mifuente.com','El jefe del Consejo Europeo define a Trump como una amenaza exterior',0,'',6),(4,'madrid','Madrid ha activado esta mañana por primera vez en su historia el escenario 3 del protocolo de contaminación, que **prohíbe circular** por la ciudad a cualquier persona que no haya votado a Manuela Carmena en las pasadas elecciones municipales. \"*La alta **contaminación** de dióxido de nitrógeno (NO2) nos obliga a prohibir que entren en la almendra central de la ciudad los vehículos cuyos propietarios sean de derechas*\", ha explicado Marta Higueras, teniente de alcalde del Ayuntamiento de Madrid.\r\n\r\n~~\r\n\"Nadie de izquierdas tiene coche\",\r\ninsisten desde el consistorio.\r\n~~\r\n\r\n\"*El objetivo principal es minimizar los efectos de la polución en la salud de la ciudadanía, pues había días que no se podía respirar en la ciudad*\", ha explicado la delegada de Medio Ambiente para defender la aplicación, en el día de hoy, de las restricciones al tráfico a los conductores que no han votado a partidos de izquierdas. Según los primeros datos manejados por el Consistorio, en la primera hora de aplicación de la medida (entre las 7 y las 8 de la mañana) hubo un **8% menos de coches** que accedieron al centro de la capital.\r\n\r\nTambién según los datos manejados por las autoridades, se han escuchado muchas menos emisoras de ideología conservadora y se han atropellado menos ciclistas de Podemos que en un día normal.\r\n\r\n[[http://madrid.gonzalocebrian.com/wp-content/themes/journal2/img/loading_home3.jpg|right|Imagen lateral]]\r\n\r\nLa delegada no ha avanzado datos sobre **multas**, algo que se dejará para el final del episodio, y ha querido incidir en el mensaje principal: poner el foco en la salud de la población. \"*El mensaje principal es que hay que cumplir las ordenanza*\", ha afirmado Sabanés, y ha recordado: \"*Todos los agentes saben lo que tienen que hacer, que es informar y dar alternativas ideológicas a los conductores*\".\r\n\r\n\"*Yo soy de derechas y por lo tanto mis pulmones son liberales y pueden soportar cualquier tipo de aire contaminado siempre que éste sea español y provenga de coches fabricados por grandes corporaciones capitalistas*\", ha explicado un ciudadano que se ha visto obligado a coger el tren **como los hippies de la Edad Media**.\r\n\r\nLa medida ha entrado en vigor a las 6.30 de esta mañana y se extenderá **hasta las 21.00**. Las restricciones de aparcamiento arrancan a las 9.00 y finalizan a las 21.00. La policía ya ha empezado a multar a los coches con pegatinas con la bandera de España.\r\n\r\nSegún todas las fuentes, **Esperanza Aguirre ha estado circulando durante toda la mañana** por Gran Vía dirigiendo un convoy formado por 15 camiones altamente contaminantes diseñados por ingenieros orcos para defender \"el liberalismo, el librepensamiento, la libertad individual y la intromisión ilegítima del Estado en el Medio Ambiente individual\".\r\n[[http://www.precege.com/wp-content/uploads/2015/12/oposiciones-madrid.jpg|full|Imagen final]]','2017-04-25 10:07:58','http://www.mifuente.com','El teatro de títeres del Retiro programará obras para adultos',0,'',6),(5,'deportes','Madrid ha activado esta mañana por primera vez en su historia el escenario 3 del protocolo de contaminación, que **prohíbe circular** por la ciudad a cualquier persona que no haya votado a Manuela Carmena en las pasadas elecciones municipales. \"*La alta **contaminación** de dióxido de nitrógeno (NO2) nos obliga a prohibir que entren en la almendra central de la ciudad los vehículos cuyos propietarios sean de derechas*\", ha explicado Marta Higueras, teniente de alcalde del Ayuntamiento de Madrid.\r\n\r\n~~\r\n\"Nadie de izquierdas tiene coche\",\r\ninsisten desde el consistorio.\r\n~~\r\n\r\n\"*El objetivo principal es minimizar los efectos de la polución en la salud de la ciudadanía, pues había días que no se podía respirar en la ciudad*\", ha explicado la delegada de Medio Ambiente para defender la aplicación, en el día de hoy, de las restricciones al tráfico a los conductores que no han votado a partidos de izquierdas. Según los primeros datos manejados por el Consistorio, en la primera hora de aplicación de la medida (entre las 7 y las 8 de la mañana) hubo un **8% menos de coches** que accedieron al centro de la capital.\r\n\r\nTambién según los datos manejados por las autoridades, se han escuchado muchas menos emisoras de ideología conservadora y se han atropellado menos ciclistas de Podemos que en un día normal.\r\n\r\n[[http://madrid.gonzalocebrian.com/wp-content/themes/journal2/img/loading_home3.jpg|right|Imagen lateral]]\r\n\r\nLa delegada no ha avanzado datos sobre **multas**, algo que se dejará para el final del episodio, y ha querido incidir en el mensaje principal: poner el foco en la salud de la población. \"*El mensaje principal es que hay que cumplir las ordenanza*\", ha afirmado Sabanés, y ha recordado: \"*Todos los agentes saben lo que tienen que hacer, que es informar y dar alternativas ideológicas a los conductores*\".\r\n\r\n\"*Yo soy de derechas y por lo tanto mis pulmones son liberales y pueden soportar cualquier tipo de aire contaminado siempre que éste sea español y provenga de coches fabricados por grandes corporaciones capitalistas*\", ha explicado un ciudadano que se ha visto obligado a coger el tren **como los hippies de la Edad Media**.\r\n\r\nLa medida ha entrado en vigor a las 6.30 de esta mañana y se extenderá **hasta las 21.00**. Las restricciones de aparcamiento arrancan a las 9.00 y finalizan a las 21.00. La policía ya ha empezado a multar a los coches con pegatinas con la bandera de España.\r\n\r\nSegún todas las fuentes, **Esperanza Aguirre ha estado circulando durante toda la mañana** por Gran Vía dirigiendo un convoy formado por 15 camiones altamente contaminantes diseñados por ingenieros orcos para defender \"el liberalismo, el librepensamiento, la libertad individual y la intromisión ilegítima del Estado en el Medio Ambiente individual\".\r\n[[http://www.precege.com/wp-content/uploads/2015/12/oposiciones-madrid.jpg|full|Imagen final]]','2017-04-25 10:07:58','http://www.mifuente.com','Federer se toma la revancha contra Nadal y gana su quinto Open de Australia',0,'',6),(6,'cultura','Madrid ha activado esta mañana por primera vez en su historia el escenario 3 del protocolo de contaminación, que **prohíbe circular** por la ciudad a cualquier persona que no haya votado a Manuela Carmena en las pasadas elecciones municipales. \"*La alta **contaminación** de dióxido de nitrógeno (NO2) nos obliga a prohibir que entren en la almendra central de la ciudad los vehículos cuyos propietarios sean de derechas*\", ha explicado Marta Higueras, teniente de alcalde del Ayuntamiento de Madrid.\r\n\r\n~~\r\n\"Nadie de izquierdas tiene coche\",\r\ninsisten desde el consistorio.\r\n~~\r\n\r\n\"*El objetivo principal es minimizar los efectos de la polución en la salud de la ciudadanía, pues había días que no se podía respirar en la ciudad*\", ha explicado la delegada de Medio Ambiente para defender la aplicación, en el día de hoy, de las restricciones al tráfico a los conductores que no han votado a partidos de izquierdas. Según los primeros datos manejados por el Consistorio, en la primera hora de aplicación de la medida (entre las 7 y las 8 de la mañana) hubo un **8% menos de coches** que accedieron al centro de la capital.\r\n\r\nTambién según los datos manejados por las autoridades, se han escuchado muchas menos emisoras de ideología conservadora y se han atropellado menos ciclistas de Podemos que en un día normal.\r\n\r\n[[http://madrid.gonzalocebrian.com/wp-content/themes/journal2/img/loading_home3.jpg|right|Imagen lateral]]\r\n\r\nLa delegada no ha avanzado datos sobre **multas**, algo que se dejará para el final del episodio, y ha querido incidir en el mensaje principal: poner el foco en la salud de la población. \"*El mensaje principal es que hay que cumplir las ordenanza*\", ha afirmado Sabanés, y ha recordado: \"*Todos los agentes saben lo que tienen que hacer, que es informar y dar alternativas ideológicas a los conductores*\".\r\n\r\n\"*Yo soy de derechas y por lo tanto mis pulmones son liberales y pueden soportar cualquier tipo de aire contaminado siempre que éste sea español y provenga de coches fabricados por grandes corporaciones capitalistas*\", ha explicado un ciudadano que se ha visto obligado a coger el tren **como los hippies de la Edad Media**.\r\n\r\nLa medida ha entrado en vigor a las 6.30 de esta mañana y se extenderá **hasta las 21.00**. Las restricciones de aparcamiento arrancan a las 9.00 y finalizan a las 21.00. La policía ya ha empezado a multar a los coches con pegatinas con la bandera de España.\r\n\r\nSegún todas las fuentes, **Esperanza Aguirre ha estado circulando durante toda la mañana** por Gran Vía dirigiendo un convoy formado por 15 camiones altamente contaminantes diseñados por ingenieros orcos para defender \"el liberalismo, el librepensamiento, la libertad individual y la intromisión ilegítima del Estado en el Medio Ambiente individual\".\r\n[[http://www.precege.com/wp-content/uploads/2015/12/oposiciones-madrid.jpg|full|Imagen final]]','2017-04-25 10:07:58','http://www.mifuente.com','El Ministerio de Cultura y la baronesa Thyssen se dan tres meses para negociar el futuro de su colección de arte',0,'',6),(7,'tecnologia','Madrid ha activado esta mañana por primera vez en su historia el escenario 3 del protocolo de contaminación, que **prohíbe circular** por la ciudad a cualquier persona que no haya votado a Manuela Carmena en las pasadas elecciones municipales. \"*La alta **contaminación** de dióxido de nitrógeno (NO2) nos obliga a prohibir que entren en la almendra central de la ciudad los vehículos cuyos propietarios sean de derechas*\", ha explicado Marta Higueras, teniente de alcalde del Ayuntamiento de Madrid.\r\n\r\n~~\r\n\"Nadie de izquierdas tiene coche\",\r\ninsisten desde el consistorio.\r\n~~\r\n\r\n\"*El objetivo principal es minimizar los efectos de la polución en la salud de la ciudadanía, pues había días que no se podía respirar en la ciudad*\", ha explicado la delegada de Medio Ambiente para defender la aplicación, en el día de hoy, de las restricciones al tráfico a los conductores que no han votado a partidos de izquierdas. Según los primeros datos manejados por el Consistorio, en la primera hora de aplicación de la medida (entre las 7 y las 8 de la mañana) hubo un **8% menos de coches** que accedieron al centro de la capital.\r\n\r\nTambién según los datos manejados por las autoridades, se han escuchado muchas menos emisoras de ideología conservadora y se han atropellado menos ciclistas de Podemos que en un día normal.\r\n\r\n[[http://madrid.gonzalocebrian.com/wp-content/themes/journal2/img/loading_home3.jpg|right|Imagen lateral]]\r\n\r\nLa delegada no ha avanzado datos sobre **multas**, algo que se dejará para el final del episodio, y ha querido incidir en el mensaje principal: poner el foco en la salud de la población. \"*El mensaje principal es que hay que cumplir las ordenanza*\", ha afirmado Sabanés, y ha recordado: \"*Todos los agentes saben lo que tienen que hacer, que es informar y dar alternativas ideológicas a los conductores*\".\r\n\r\n\"*Yo soy de derechas y por lo tanto mis pulmones son liberales y pueden soportar cualquier tipo de aire contaminado siempre que éste sea español y provenga de coches fabricados por grandes corporaciones capitalistas*\", ha explicado un ciudadano que se ha visto obligado a coger el tren **como los hippies de la Edad Media**.\r\n\r\nLa medida ha entrado en vigor a las 6.30 de esta mañana y se extenderá **hasta las 21.00**. Las restricciones de aparcamiento arrancan a las 9.00 y finalizan a las 21.00. La policía ya ha empezado a multar a los coches con pegatinas con la bandera de España.\r\n\r\nSegún todas las fuentes, **Esperanza Aguirre ha estado circulando durante toda la mañana** por Gran Vía dirigiendo un convoy formado por 15 camiones altamente contaminantes diseñados por ingenieros orcos para defender \"el liberalismo, el librepensamiento, la libertad individual y la intromisión ilegítima del Estado en el Medio Ambiente individual\".\r\n[[http://www.precege.com/wp-content/uploads/2015/12/oposiciones-madrid.jpg|full|Imagen final]]','2017-04-25 10:07:58','http://www.mifuente.com','Google desbanca a Apple como la marca más valiosa del mundo',0,'',6),(8,'madrid','Madrid ha activado esta mañana por primera vez en su historia el escenario 3 del protocolo de contaminación, que **prohíbe circular** por la ciudad a cualquier persona que no haya votado a Manuela Carmena en las pasadas elecciones municipales. \"*La alta **contaminación** de dióxido de nitrógeno (NO2) nos obliga a prohibir que entren en la almendra central de la ciudad los vehículos cuyos propietarios sean de derechas*\", ha explicado Marta Higueras, teniente de alcalde del Ayuntamiento de Madrid.\r\n\r\n~~\r\n\"Nadie de izquierdas tiene coche\",\r\ninsisten desde el consistorio.\r\n~~\r\n\r\n\"*El objetivo principal es minimizar los efectos de la polución en la salud de la ciudadanía, pues había días que no se podía respirar en la ciudad*\", ha explicado la delegada de Medio Ambiente para defender la aplicación, en el día de hoy, de las restricciones al tráfico a los conductores que no han votado a partidos de izquierdas. Según los primeros datos manejados por el Consistorio, en la primera hora de aplicación de la medida (entre las 7 y las 8 de la mañana) hubo un **8% menos de coches** que accedieron al centro de la capital.\r\n\r\nTambién según los datos manejados por las autoridades, se han escuchado muchas menos emisoras de ideología conservadora y se han atropellado menos ciclistas de Podemos que en un día normal.\r\n\r\n[[http://madrid.gonzalocebrian.com/wp-content/themes/journal2/img/loading_home3.jpg|right|Imagen lateral]]\r\n\r\nLa delegada no ha avanzado datos sobre **multas**, algo que se dejará para el final del episodio, y ha querido incidir en el mensaje principal: poner el foco en la salud de la población. \"*El mensaje principal es que hay que cumplir las ordenanza*\", ha afirmado Sabanés, y ha recordado: \"*Todos los agentes saben lo que tienen que hacer, que es informar y dar alternativas ideológicas a los conductores*\".\r\n\r\n\"*Yo soy de derechas y por lo tanto mis pulmones son liberales y pueden soportar cualquier tipo de aire contaminado siempre que éste sea español y provenga de coches fabricados por grandes corporaciones capitalistas*\", ha explicado un ciudadano que se ha visto obligado a coger el tren **como los hippies de la Edad Media**.\r\n\r\nLa medida ha entrado en vigor a las 6.30 de esta mañana y se extenderá **hasta las 21.00**. Las restricciones de aparcamiento arrancan a las 9.00 y finalizan a las 21.00. La policía ya ha empezado a multar a los coches con pegatinas con la bandera de España.\r\n\r\nSegún todas las fuentes, **Esperanza Aguirre ha estado circulando durante toda la mañana** por Gran Vía dirigiendo un convoy formado por 15 camiones altamente contaminantes diseñados por ingenieros orcos para defender \"el liberalismo, el librepensamiento, la libertad individual y la intromisión ilegítima del Estado en el Medio Ambiente individual\".\r\n[[http://www.precege.com/wp-content/uploads/2015/12/oposiciones-madrid.jpg|full|Imagen final]]','2017-04-25 10:07:58','http://www.mifuente.com','Summa atiende un parto en un coche en la M-501 cuando se dirigía al hospital',0,'',6),(9,'madrid','Madrid ha activado esta mañana por primera vez en su historia el escenario 3 del protocolo de contaminación, que **prohíbe circular** por la ciudad a cualquier persona que no haya votado a Manuela Carmena en las pasadas elecciones municipales. \"*La alta **contaminación** de dióxido de nitrógeno (NO2) nos obliga a prohibir que entren en la almendra central de la ciudad los vehículos cuyos propietarios sean de derechas*\", ha explicado Marta Higueras, teniente de alcalde del Ayuntamiento de Madrid.\r\n\r\n~~\r\n\"Nadie de izquierdas tiene coche\",\r\ninsisten desde el consistorio.\r\n~~\r\n\r\n\"*El objetivo principal es minimizar los efectos de la polución en la salud de la ciudadanía, pues había días que no se podía respirar en la ciudad*\", ha explicado la delegada de Medio Ambiente para defender la aplicación, en el día de hoy, de las restricciones al tráfico a los conductores que no han votado a partidos de izquierdas. Según los primeros datos manejados por el Consistorio, en la primera hora de aplicación de la medida (entre las 7 y las 8 de la mañana) hubo un **8% menos de coches** que accedieron al centro de la capital.\r\n\r\nTambién según los datos manejados por las autoridades, se han escuchado muchas menos emisoras de ideología conservadora y se han atropellado menos ciclistas de Podemos que en un día normal.\r\n\r\n[[http://madrid.gonzalocebrian.com/wp-content/themes/journal2/img/loading_home3.jpg|right|Imagen lateral]]\r\n\r\nLa delegada no ha avanzado datos sobre **multas**, algo que se dejará para el final del episodio, y ha querido incidir en el mensaje principal: poner el foco en la salud de la población. \"*El mensaje principal es que hay que cumplir las ordenanza*\", ha afirmado Sabanés, y ha recordado: \"*Todos los agentes saben lo que tienen que hacer, que es informar y dar alternativas ideológicas a los conductores*\".\r\n\r\n\"*Yo soy de derechas y por lo tanto mis pulmones son liberales y pueden soportar cualquier tipo de aire contaminado siempre que éste sea español y provenga de coches fabricados por grandes corporaciones capitalistas*\", ha explicado un ciudadano que se ha visto obligado a coger el tren **como los hippies de la Edad Media**.\r\n\r\nLa medida ha entrado en vigor a las 6.30 de esta mañana y se extenderá **hasta las 21.00**. Las restricciones de aparcamiento arrancan a las 9.00 y finalizan a las 21.00. La policía ya ha empezado a multar a los coches con pegatinas con la bandera de España.\r\n\r\nSegún todas las fuentes, **Esperanza Aguirre ha estado circulando durante toda la mañana** por Gran Vía dirigiendo un convoy formado por 15 camiones altamente contaminantes diseñados por ingenieros orcos para defender \"el liberalismo, el librepensamiento, la libertad individual y la intromisión ilegítima del Estado en el Medio Ambiente individual\".\r\n[[http://www.precege.com/wp-content/uploads/2015/12/oposiciones-madrid.jpg|full|Imagen final]]','2017-04-25 10:07:58','http://www.mifuente.com','La Guardia Civil detiene en Pinto a una mujer mexicana por alentar a la yihad femenina',0,'',6),(10,'madrid','Madrid ha activado esta mañana por primera vez en su historia el escenario 3 del protocolo de contaminación, que **prohíbe circular** por la ciudad a cualquier persona que no haya votado a Manuela Carmena en las pasadas elecciones municipales. \"*La alta **contaminación** de dióxido de nitrógeno (NO2) nos obliga a prohibir que entren en la almendra central de la ciudad los vehículos cuyos propietarios sean de derechas*\", ha explicado Marta Higueras, teniente de alcalde del Ayuntamiento de Madrid.\r\n\r\n~~\r\n\"Nadie de izquierdas tiene coche\",\r\ninsisten desde el consistorio.\r\n~~\r\n\r\n\"*El objetivo principal es minimizar los efectos de la polución en la salud de la ciudadanía, pues había días que no se podía respirar en la ciudad*\", ha explicado la delegada de Medio Ambiente para defender la aplicación, en el día de hoy, de las restricciones al tráfico a los conductores que no han votado a partidos de izquierdas. Según los primeros datos manejados por el Consistorio, en la primera hora de aplicación de la medida (entre las 7 y las 8 de la mañana) hubo un **8% menos de coches** que accedieron al centro de la capital.\r\n\r\nTambién según los datos manejados por las autoridades, se han escuchado muchas menos emisoras de ideología conservadora y se han atropellado menos ciclistas de Podemos que en un día normal.\r\n\r\n[[http://madrid.gonzalocebrian.com/wp-content/themes/journal2/img/loading_home3.jpg|right|Imagen lateral]]\r\n\r\nLa delegada no ha avanzado datos sobre **multas**, algo que se dejará para el final del episodio, y ha querido incidir en el mensaje principal: poner el foco en la salud de la población. \"*El mensaje principal es que hay que cumplir las ordenanza*\", ha afirmado Sabanés, y ha recordado: \"*Todos los agentes saben lo que tienen que hacer, que es informar y dar alternativas ideológicas a los conductores*\".\r\n\r\n\"*Yo soy de derechas y por lo tanto mis pulmones son liberales y pueden soportar cualquier tipo de aire contaminado siempre que éste sea español y provenga de coches fabricados por grandes corporaciones capitalistas*\", ha explicado un ciudadano que se ha visto obligado a coger el tren **como los hippies de la Edad Media**.\r\n\r\nLa medida ha entrado en vigor a las 6.30 de esta mañana y se extenderá **hasta las 21.00**. Las restricciones de aparcamiento arrancan a las 9.00 y finalizan a las 21.00. La policía ya ha empezado a multar a los coches con pegatinas con la bandera de España.\r\n\r\nSegún todas las fuentes, **Esperanza Aguirre ha estado circulando durante toda la mañana** por Gran Vía dirigiendo un convoy formado por 15 camiones altamente contaminantes diseñados por ingenieros orcos para defender \"el liberalismo, el librepensamiento, la libertad individual y la intromisión ilegítima del Estado en el Medio Ambiente individual\".\r\n[[http://www.precege.com/wp-content/uploads/2015/12/oposiciones-madrid.jpg|full|Imagen final]]','2017-04-25 10:07:58','http://www.mifuente.com','Un niño roba y conduce una barredora municipal en Madrid',0,'',6),(11,'espana','Madrid ha activado esta mañana por primera vez en su historia el escenario 3 del protocolo de contaminación, que **prohíbe circular** por la ciudad a cualquier persona que no haya votado a Manuela Carmena en las pasadas elecciones municipales. \"*La alta **contaminación** de dióxido de nitrógeno (NO2) nos obliga a prohibir que entren en la almendra central de la ciudad los vehículos cuyos propietarios sean de derechas*\", ha explicado Marta Higueras, teniente de alcalde del Ayuntamiento de Madrid.\r\n\r\n~~\r\n\"Nadie de izquierdas tiene coche\",\r\ninsisten desde el consistorio.\r\n~~\r\n\r\n\"*El objetivo principal es minimizar los efectos de la polución en la salud de la ciudadanía, pues había días que no se podía respirar en la ciudad*\", ha explicado la delegada de Medio Ambiente para defender la aplicación, en el día de hoy, de las restricciones al tráfico a los conductores que no han votado a partidos de izquierdas. Según los primeros datos manejados por el Consistorio, en la primera hora de aplicación de la medida (entre las 7 y las 8 de la mañana) hubo un **8% menos de coches** que accedieron al centro de la capital.\r\n\r\nTambién según los datos manejados por las autoridades, se han escuchado muchas menos emisoras de ideología conservadora y se han atropellado menos ciclistas de Podemos que en un día normal.\r\n\r\n[[http://madrid.gonzalocebrian.com/wp-content/themes/journal2/img/loading_home3.jpg|right|Imagen lateral]]\r\n\r\nLa delegada no ha avanzado datos sobre **multas**, algo que se dejará para el final del episodio, y ha querido incidir en el mensaje principal: poner el foco en la salud de la población. \"*El mensaje principal es que hay que cumplir las ordenanza*\", ha afirmado Sabanés, y ha recordado: \"*Todos los agentes saben lo que tienen que hacer, que es informar y dar alternativas ideológicas a los conductores*\".\r\n\r\n\"*Yo soy de derechas y por lo tanto mis pulmones son liberales y pueden soportar cualquier tipo de aire contaminado siempre que éste sea español y provenga de coches fabricados por grandes corporaciones capitalistas*\", ha explicado un ciudadano que se ha visto obligado a coger el tren **como los hippies de la Edad Media**.\r\n\r\nLa medida ha entrado en vigor a las 6.30 de esta mañana y se extenderá **hasta las 21.00**. Las restricciones de aparcamiento arrancan a las 9.00 y finalizan a las 21.00. La policía ya ha empezado a multar a los coches con pegatinas con la bandera de España.\r\n\r\nSegún todas las fuentes, **Esperanza Aguirre ha estado circulando durante toda la mañana** por Gran Vía dirigiendo un convoy formado por 15 camiones altamente contaminantes diseñados por ingenieros orcos para defender \"el liberalismo, el librepensamiento, la libertad individual y la intromisión ilegítima del Estado en el Medio Ambiente individual\".\r\n[[http://www.precege.com/wp-content/uploads/2015/12/oposiciones-madrid.jpg|full|Imagen final]]','2017-04-25 10:07:58','http://www.mifuente.com','La Guardia Civil detiene en Pinto a una mujer mexicana por alentar a la yihad femenina',0,'',6),(12,'espana','Madrid ha activado esta mañana por primera vez en su historia el escenario 3 del protocolo de contaminación, que **prohíbe circular** por la ciudad a cualquier persona que no haya votado a Manuela Carmena en las pasadas elecciones municipales. \"*La alta **contaminación** de dióxido de nitrógeno (NO2) nos obliga a prohibir que entren en la almendra central de la ciudad los vehículos cuyos propietarios sean de derechas*\", ha explicado Marta Higueras, teniente de alcalde del Ayuntamiento de Madrid.\r\n\r\n~~\r\n\"Nadie de izquierdas tiene coche\",\r\ninsisten desde el consistorio.\r\n~~\r\n\r\n\"*El objetivo principal es minimizar los efectos de la polución en la salud de la ciudadanía, pues había días que no se podía respirar en la ciudad*\", ha explicado la delegada de Medio Ambiente para defender la aplicación, en el día de hoy, de las restricciones al tráfico a los conductores que no han votado a partidos de izquierdas. Según los primeros datos manejados por el Consistorio, en la primera hora de aplicación de la medida (entre las 7 y las 8 de la mañana) hubo un **8% menos de coches** que accedieron al centro de la capital.\r\n\r\nTambién según los datos manejados por las autoridades, se han escuchado muchas menos emisoras de ideología conservadora y se han atropellado menos ciclistas de Podemos que en un día normal.\r\n\r\n[[http://madrid.gonzalocebrian.com/wp-content/themes/journal2/img/loading_home3.jpg|right|Imagen lateral]]\r\n\r\nLa delegada no ha avanzado datos sobre **multas**, algo que se dejará para el final del episodio, y ha querido incidir en el mensaje principal: poner el foco en la salud de la población. \"*El mensaje principal es que hay que cumplir las ordenanza*\", ha afirmado Sabanés, y ha recordado: \"*Todos los agentes saben lo que tienen que hacer, que es informar y dar alternativas ideológicas a los conductores*\".\r\n\r\n\"*Yo soy de derechas y por lo tanto mis pulmones son liberales y pueden soportar cualquier tipo de aire contaminado siempre que éste sea español y provenga de coches fabricados por grandes corporaciones capitalistas*\", ha explicado un ciudadano que se ha visto obligado a coger el tren **como los hippies de la Edad Media**.\r\n\r\nLa medida ha entrado en vigor a las 6.30 de esta mañana y se extenderá **hasta las 21.00**. Las restricciones de aparcamiento arrancan a las 9.00 y finalizan a las 21.00. La policía ya ha empezado a multar a los coches con pegatinas con la bandera de España.\r\n\r\nSegún todas las fuentes, **Esperanza Aguirre ha estado circulando durante toda la mañana** por Gran Vía dirigiendo un convoy formado por 15 camiones altamente contaminantes diseñados por ingenieros orcos para defender \"el liberalismo, el librepensamiento, la libertad individual y la intromisión ilegítima del Estado en el Medio Ambiente individual\".\r\n[[http://www.precege.com/wp-content/uploads/2015/12/oposiciones-madrid.jpg|full|Imagen final]]','2017-04-25 10:07:58','http://www.mifuente.com','El 60% de los aspirantes a bombero en Burgos, eliminado por faltas ortográficas',0,'',6),(13,'mundo','Madrid ha activado esta mañana por primera vez en su historia el escenario 3 del protocolo de contaminación, que **prohíbe circular** por la ciudad a cualquier persona que no haya votado a Manuela Carmena en las pasadas elecciones municipales. \"*La alta **contaminación** de dióxido de nitrógeno (NO2) nos obliga a prohibir que entren en la almendra central de la ciudad los vehículos cuyos propietarios sean de derechas*\", ha explicado Marta Higueras, teniente de alcalde del Ayuntamiento de Madrid.\r\n\r\n~~\r\n\"Nadie de izquierdas tiene coche\",\r\ninsisten desde el consistorio.\r\n~~\r\n\r\n\"*El objetivo principal es minimizar los efectos de la polución en la salud de la ciudadanía, pues había días que no se podía respirar en la ciudad*\", ha explicado la delegada de Medio Ambiente para defender la aplicación, en el día de hoy, de las restricciones al tráfico a los conductores que no han votado a partidos de izquierdas. Según los primeros datos manejados por el Consistorio, en la primera hora de aplicación de la medida (entre las 7 y las 8 de la mañana) hubo un **8% menos de coches** que accedieron al centro de la capital.\r\n\r\nTambién según los datos manejados por las autoridades, se han escuchado muchas menos emisoras de ideología conservadora y se han atropellado menos ciclistas de Podemos que en un día normal.\r\n\r\n[[http://madrid.gonzalocebrian.com/wp-content/themes/journal2/img/loading_home3.jpg|right|Imagen lateral]]\r\n\r\nLa delegada no ha avanzado datos sobre **multas**, algo que se dejará para el final del episodio, y ha querido incidir en el mensaje principal: poner el foco en la salud de la población. \"*El mensaje principal es que hay que cumplir las ordenanza*\", ha afirmado Sabanés, y ha recordado: \"*Todos los agentes saben lo que tienen que hacer, que es informar y dar alternativas ideológicas a los conductores*\".\r\n\r\n\"*Yo soy de derechas y por lo tanto mis pulmones son liberales y pueden soportar cualquier tipo de aire contaminado siempre que éste sea español y provenga de coches fabricados por grandes corporaciones capitalistas*\", ha explicado un ciudadano que se ha visto obligado a coger el tren **como los hippies de la Edad Media**.\r\n\r\nLa medida ha entrado en vigor a las 6.30 de esta mañana y se extenderá **hasta las 21.00**. Las restricciones de aparcamiento arrancan a las 9.00 y finalizan a las 21.00. La policía ya ha empezado a multar a los coches con pegatinas con la bandera de España.\r\n\r\nSegún todas las fuentes, **Esperanza Aguirre ha estado circulando durante toda la mañana** por Gran Vía dirigiendo un convoy formado por 15 camiones altamente contaminantes diseñados por ingenieros orcos para defender \"el liberalismo, el librepensamiento, la libertad individual y la intromisión ilegítima del Estado en el Medio Ambiente individual\".\r\n[[http://www.precege.com/wp-content/uploads/2015/12/oposiciones-madrid.jpg|full|Imagen final]]','2017-04-25 10:07:58','http://www.mifuente.com','Austria prohíbe el velo integral islámico en los espacios públicos',0,'',6),(14,'deportes','Madrid ha activado esta mañana por primera vez en su historia el escenario 3 del protocolo de contaminación, que **prohíbe circular** por la ciudad a cualquier persona que no haya votado a Manuela Carmena en las pasadas elecciones municipales. \"*La alta **contaminación** de dióxido de nitrógeno (NO2) nos obliga a prohibir que entren en la almendra central de la ciudad los vehículos cuyos propietarios sean de derechas*\", ha explicado Marta Higueras, teniente de alcalde del Ayuntamiento de Madrid.\r\n\r\n~~\r\n\"Nadie de izquierdas tiene coche\",\r\ninsisten desde el consistorio.\r\n~~\r\n\r\n\"*El objetivo principal es minimizar los efectos de la polución en la salud de la ciudadanía, pues había días que no se podía respirar en la ciudad*\", ha explicado la delegada de Medio Ambiente para defender la aplicación, en el día de hoy, de las restricciones al tráfico a los conductores que no han votado a partidos de izquierdas. Según los primeros datos manejados por el Consistorio, en la primera hora de aplicación de la medida (entre las 7 y las 8 de la mañana) hubo un **8% menos de coches** que accedieron al centro de la capital.\r\n\r\nTambién según los datos manejados por las autoridades, se han escuchado muchas menos emisoras de ideología conservadora y se han atropellado menos ciclistas de Podemos que en un día normal.\r\n\r\n[[http://madrid.gonzalocebrian.com/wp-content/themes/journal2/img/loading_home3.jpg|right|Imagen lateral]]\r\n\r\nLa delegada no ha avanzado datos sobre **multas**, algo que se dejará para el final del episodio, y ha querido incidir en el mensaje principal: poner el foco en la salud de la población. \"*El mensaje principal es que hay que cumplir las ordenanza*\", ha afirmado Sabanés, y ha recordado: \"*Todos los agentes saben lo que tienen que hacer, que es informar y dar alternativas ideológicas a los conductores*\".\r\n\r\n\"*Yo soy de derechas y por lo tanto mis pulmones son liberales y pueden soportar cualquier tipo de aire contaminado siempre que éste sea español y provenga de coches fabricados por grandes corporaciones capitalistas*\", ha explicado un ciudadano que se ha visto obligado a coger el tren **como los hippies de la Edad Media**.\r\n\r\nLa medida ha entrado en vigor a las 6.30 de esta mañana y se extenderá **hasta las 21.00**. Las restricciones de aparcamiento arrancan a las 9.00 y finalizan a las 21.00. La policía ya ha empezado a multar a los coches con pegatinas con la bandera de España.\r\n\r\nSegún todas las fuentes, **Esperanza Aguirre ha estado circulando durante toda la mañana** por Gran Vía dirigiendo un convoy formado por 15 camiones altamente contaminantes diseñados por ingenieros orcos para defender \"el liberalismo, el librepensamiento, la libertad individual y la intromisión ilegítima del Estado en el Medio Ambiente individual\".\r\n[[http://www.precege.com/wp-content/uploads/2015/12/oposiciones-madrid.jpg|full|Imagen final]]','2017-04-25 10:07:58','http://www.mifuente.com','Javier Fernández logra su quinto Europeo consecutivo',0,'',6),(15,'mundo','Madrid ha activado esta mañana por primera vez en su historia el escenario 3 del protocolo de contaminación, que **prohíbe circular** por la ciudad a cualquier persona que no haya votado a Manuela Carmena en las pasadas elecciones municipales. \"*La alta **contaminación** de dióxido de nitrógeno (NO2) nos obliga a prohibir que entren en la almendra central de la ciudad los vehículos cuyos propietarios sean de derechas*\", ha explicado Marta Higueras, teniente de alcalde del Ayuntamiento de Madrid.\r\n\r\n~~\r\n\"Nadie de izquierdas tiene coche\",\r\ninsisten desde el consistorio.\r\n~~\r\n\r\n\"*El objetivo principal es minimizar los efectos de la polución en la salud de la ciudadanía, pues había días que no se podía respirar en la ciudad*\", ha explicado la delegada de Medio Ambiente para defender la aplicación, en el día de hoy, de las restricciones al tráfico a los conductores que no han votado a partidos de izquierdas. Según los primeros datos manejados por el Consistorio, en la primera hora de aplicación de la medida (entre las 7 y las 8 de la mañana) hubo un **8% menos de coches** que accedieron al centro de la capital.\r\n\r\nTambién según los datos manejados por las autoridades, se han escuchado muchas menos emisoras de ideología conservadora y se han atropellado menos ciclistas de Podemos que en un día normal.\r\n\r\n[[http://madrid.gonzalocebrian.com/wp-content/themes/journal2/img/loading_home3.jpg|right|Imagen lateral]]\r\n\r\nLa delegada no ha avanzado datos sobre **multas**, algo que se dejará para el final del episodio, y ha querido incidir en el mensaje principal: poner el foco en la salud de la población. \"*El mensaje principal es que hay que cumplir las ordenanza*\", ha afirmado Sabanés, y ha recordado: \"*Todos los agentes saben lo que tienen que hacer, que es informar y dar alternativas ideológicas a los conductores*\".\r\n\r\n\"*Yo soy de derechas y por lo tanto mis pulmones son liberales y pueden soportar cualquier tipo de aire contaminado siempre que éste sea español y provenga de coches fabricados por grandes corporaciones capitalistas*\", ha explicado un ciudadano que se ha visto obligado a coger el tren **como los hippies de la Edad Media**.\r\n\r\nLa medida ha entrado en vigor a las 6.30 de esta mañana y se extenderá **hasta las 21.00**. Las restricciones de aparcamiento arrancan a las 9.00 y finalizan a las 21.00. La policía ya ha empezado a multar a los coches con pegatinas con la bandera de España.\r\n\r\nSegún todas las fuentes, **Esperanza Aguirre ha estado circulando durante toda la mañana** por Gran Vía dirigiendo un convoy formado por 15 camiones altamente contaminantes diseñados por ingenieros orcos para defender \"el liberalismo, el librepensamiento, la libertad individual y la intromisión ilegítima del Estado en el Medio Ambiente individual\".\r\n[[http://www.precege.com/wp-content/uploads/2015/12/oposiciones-madrid.jpg|full|Imagen final]]','2017-04-25 10:07:58','http://www.mifuente.com','Una nueva ola de violencia sacude el Este de Ucrania',0,'',6),(16,'deportes','Madrid ha activado esta mañana por primera vez en su historia el escenario 3 del protocolo de contaminación, que **prohíbe circular** por la ciudad a cualquier persona que no haya votado a Manuela Carmena en las pasadas elecciones municipales. \"*La alta **contaminación** de dióxido de nitrógeno (NO2) nos obliga a prohibir que entren en la almendra central de la ciudad los vehículos cuyos propietarios sean de derechas*\", ha explicado Marta Higueras, teniente de alcalde del Ayuntamiento de Madrid.\r\n\r\n~~\r\n\"Nadie de izquierdas tiene coche\",\r\ninsisten desde el consistorio.\r\n~~\r\n\r\n\"*El objetivo principal es minimizar los efectos de la polución en la salud de la ciudadanía, pues había días que no se podía respirar en la ciudad*\", ha explicado la delegada de Medio Ambiente para defender la aplicación, en el día de hoy, de las restricciones al tráfico a los conductores que no han votado a partidos de izquierdas. Según los primeros datos manejados por el Consistorio, en la primera hora de aplicación de la medida (entre las 7 y las 8 de la mañana) hubo un **8% menos de coches** que accedieron al centro de la capital.\r\n\r\nTambién según los datos manejados por las autoridades, se han escuchado muchas menos emisoras de ideología conservadora y se han atropellado menos ciclistas de Podemos que en un día normal.\r\n\r\n[[http://madrid.gonzalocebrian.com/wp-content/themes/journal2/img/loading_home3.jpg|right|Imagen lateral]]\r\n\r\nLa delegada no ha avanzado datos sobre **multas**, algo que se dejará para el final del episodio, y ha querido incidir en el mensaje principal: poner el foco en la salud de la población. \"*El mensaje principal es que hay que cumplir las ordenanza*\", ha afirmado Sabanés, y ha recordado: \"*Todos los agentes saben lo que tienen que hacer, que es informar y dar alternativas ideológicas a los conductores*\".\r\n\r\n\"*Yo soy de derechas y por lo tanto mis pulmones son liberales y pueden soportar cualquier tipo de aire contaminado siempre que éste sea español y provenga de coches fabricados por grandes corporaciones capitalistas*\", ha explicado un ciudadano que se ha visto obligado a coger el tren **como los hippies de la Edad Media**.\r\n\r\nLa medida ha entrado en vigor a las 6.30 de esta mañana y se extenderá **hasta las 21.00**. Las restricciones de aparcamiento arrancan a las 9.00 y finalizan a las 21.00. La policía ya ha empezado a multar a los coches con pegatinas con la bandera de España.\r\n\r\nSegún todas las fuentes, **Esperanza Aguirre ha estado circulando durante toda la mañana** por Gran Vía dirigiendo un convoy formado por 15 camiones altamente contaminantes diseñados por ingenieros orcos para defender \"el liberalismo, el librepensamiento, la libertad individual y la intromisión ilegítima del Estado en el Medio Ambiente individual\".\r\n[[http://www.precege.com/wp-content/uploads/2015/12/oposiciones-madrid.jpg|full|Imagen final]]','2017-04-25 10:07:58','http://www.mifuente.com','Maverick Vi&ntilde;ales se confirma como gran rival de Marc M&aacute;rquez',0,'',6),(17,'deportes','Madrid ha activado esta mañana por primera vez en su historia el escenario 3 del protocolo de contaminación, que **prohíbe circular** por la ciudad a cualquier persona que no haya votado a Manuela Carmena en las pasadas elecciones municipales. \"*La alta **contaminación** de dióxido de nitrógeno (NO2) nos obliga a prohibir que entren en la almendra central de la ciudad los vehículos cuyos propietarios sean de derechas*\", ha explicado Marta Higueras, teniente de alcalde del Ayuntamiento de Madrid.\r\n\r\n~~\r\n\"Nadie de izquierdas tiene coche\",\r\ninsisten desde el consistorio.\r\n~~\r\n\r\n\"*El objetivo principal es minimizar los efectos de la polución en la salud de la ciudadanía, pues había días que no se podía respirar en la ciudad*\", ha explicado la delegada de Medio Ambiente para defender la aplicación, en el día de hoy, de las restricciones al tráfico a los conductores que no han votado a partidos de izquierdas. Según los primeros datos manejados por el Consistorio, en la primera hora de aplicación de la medida (entre las 7 y las 8 de la mañana) hubo un **8% menos de coches** que accedieron al centro de la capital.\r\n\r\nTambién según los datos manejados por las autoridades, se han escuchado muchas menos emisoras de ideología conservadora y se han atropellado menos ciclistas de Podemos que en un día normal.\r\n\r\n[[http://madrid.gonzalocebrian.com/wp-content/themes/journal2/img/loading_home3.jpg|right|Imagen lateral]]\r\n\r\nLa delegada no ha avanzado datos sobre **multas**, algo que se dejará para el final del episodio, y ha querido incidir en el mensaje principal: poner el foco en la salud de la población. \"*El mensaje principal es que hay que cumplir las ordenanza*\", ha afirmado Sabanés, y ha recordado: \"*Todos los agentes saben lo que tienen que hacer, que es informar y dar alternativas ideológicas a los conductores*\".\r\n\r\n\"*Yo soy de derechas y por lo tanto mis pulmones son liberales y pueden soportar cualquier tipo de aire contaminado siempre que éste sea español y provenga de coches fabricados por grandes corporaciones capitalistas*\", ha explicado un ciudadano que se ha visto obligado a coger el tren **como los hippies de la Edad Media**.\r\n\r\nLa medida ha entrado en vigor a las 6.30 de esta mañana y se extenderá **hasta las 21.00**. Las restricciones de aparcamiento arrancan a las 9.00 y finalizan a las 21.00. La policía ya ha empezado a multar a los coches con pegatinas con la bandera de España.\r\n\r\nSegún todas las fuentes, **Esperanza Aguirre ha estado circulando durante toda la mañana** por Gran Vía dirigiendo un convoy formado por 15 camiones altamente contaminantes diseñados por ingenieros orcos para defender \"el liberalismo, el librepensamiento, la libertad individual y la intromisión ilegítima del Estado en el Medio Ambiente individual\".\r\n[[http://www.precege.com/wp-content/uploads/2015/12/oposiciones-madrid.jpg|full|Imagen final]]','2017-04-25 10:07:58','http://www.mifuente.com','La nueva F1 estudia eliminar el DRS',0,'',6),(18,'tecnologia','Madrid ha activado esta mañana por primera vez en su historia el escenario 3 del protocolo de contaminación, que **prohíbe circular** por la ciudad a cualquier persona que no haya votado a Manuela Carmena en las pasadas elecciones municipales. \"*La alta **contaminación** de dióxido de nitrógeno (NO2) nos obliga a prohibir que entren en la almendra central de la ciudad los vehículos cuyos propietarios sean de derechas*\", ha explicado Marta Higueras, teniente de alcalde del Ayuntamiento de Madrid.\r\n\r\n~~\r\n\"Nadie de izquierdas tiene coche\",\r\ninsisten desde el consistorio.\r\n~~\r\n\r\n\"*El objetivo principal es minimizar los efectos de la polución en la salud de la ciudadanía, pues había días que no se podía respirar en la ciudad*\", ha explicado la delegada de Medio Ambiente para defender la aplicación, en el día de hoy, de las restricciones al tráfico a los conductores que no han votado a partidos de izquierdas. Según los primeros datos manejados por el Consistorio, en la primera hora de aplicación de la medida (entre las 7 y las 8 de la mañana) hubo un **8% menos de coches** que accedieron al centro de la capital.\r\n\r\nTambién según los datos manejados por las autoridades, se han escuchado muchas menos emisoras de ideología conservadora y se han atropellado menos ciclistas de Podemos que en un día normal.\r\n\r\n[[http://madrid.gonzalocebrian.com/wp-content/themes/journal2/img/loading_home3.jpg|right|Imagen lateral]]\r\n\r\nLa delegada no ha avanzado datos sobre **multas**, algo que se dejará para el final del episodio, y ha querido incidir en el mensaje principal: poner el foco en la salud de la población. \"*El mensaje principal es que hay que cumplir las ordenanza*\", ha afirmado Sabanés, y ha recordado: \"*Todos los agentes saben lo que tienen que hacer, que es informar y dar alternativas ideológicas a los conductores*\".\r\n\r\n\"*Yo soy de derechas y por lo tanto mis pulmones son liberales y pueden soportar cualquier tipo de aire contaminado siempre que éste sea español y provenga de coches fabricados por grandes corporaciones capitalistas*\", ha explicado un ciudadano que se ha visto obligado a coger el tren **como los hippies de la Edad Media**.\r\n\r\nLa medida ha entrado en vigor a las 6.30 de esta mañana y se extenderá **hasta las 21.00**. Las restricciones de aparcamiento arrancan a las 9.00 y finalizan a las 21.00. La policía ya ha empezado a multar a los coches con pegatinas con la bandera de España.\r\n\r\nSegún todas las fuentes, **Esperanza Aguirre ha estado circulando durante toda la mañana** por Gran Vía dirigiendo un convoy formado por 15 camiones altamente contaminantes diseñados por ingenieros orcos para defender \"el liberalismo, el librepensamiento, la libertad individual y la intromisión ilegítima del Estado en el Medio Ambiente individual\".\r\n[[http://www.precege.com/wp-content/uploads/2015/12/oposiciones-madrid.jpg|full|Imagen final]]','2017-04-25 10:07:58','http://www.mifuente.com','Hackers secuestran un hotel entero en Los Alpes',0,'',6),(19,'tecnologia','Madrid ha activado esta mañana por primera vez en su historia el escenario 3 del protocolo de contaminación, que **prohíbe circular** por la ciudad a cualquier persona que no haya votado a Manuela Carmena en las pasadas elecciones municipales. \"*La alta **contaminación** de dióxido de nitrógeno (NO2) nos obliga a prohibir que entren en la almendra central de la ciudad los vehículos cuyos propietarios sean de derechas*\", ha explicado Marta Higueras, teniente de alcalde del Ayuntamiento de Madrid.\r\n\r\n~~\r\n\"Nadie de izquierdas tiene coche\",\r\ninsisten desde el consistorio.\r\n~~\r\n\r\n\"*El objetivo principal es minimizar los efectos de la polución en la salud de la ciudadanía, pues había días que no se podía respirar en la ciudad*\", ha explicado la delegada de Medio Ambiente para defender la aplicación, en el día de hoy, de las restricciones al tráfico a los conductores que no han votado a partidos de izquierdas. Según los primeros datos manejados por el Consistorio, en la primera hora de aplicación de la medida (entre las 7 y las 8 de la mañana) hubo un **8% menos de coches** que accedieron al centro de la capital.\r\n\r\nTambién según los datos manejados por las autoridades, se han escuchado muchas menos emisoras de ideología conservadora y se han atropellado menos ciclistas de Podemos que en un día normal.\r\n\r\n[[http://madrid.gonzalocebrian.com/wp-content/themes/journal2/img/loading_home3.jpg|right|Imagen lateral]]\r\n\r\nLa delegada no ha avanzado datos sobre **multas**, algo que se dejará para el final del episodio, y ha querido incidir en el mensaje principal: poner el foco en la salud de la población. \"*El mensaje principal es que hay que cumplir las ordenanza*\", ha afirmado Sabanés, y ha recordado: \"*Todos los agentes saben lo que tienen que hacer, que es informar y dar alternativas ideológicas a los conductores*\".\r\n\r\n\"*Yo soy de derechas y por lo tanto mis pulmones son liberales y pueden soportar cualquier tipo de aire contaminado siempre que éste sea español y provenga de coches fabricados por grandes corporaciones capitalistas*\", ha explicado un ciudadano que se ha visto obligado a coger el tren **como los hippies de la Edad Media**.\r\n\r\nLa medida ha entrado en vigor a las 6.30 de esta mañana y se extenderá **hasta las 21.00**. Las restricciones de aparcamiento arrancan a las 9.00 y finalizan a las 21.00. La policía ya ha empezado a multar a los coches con pegatinas con la bandera de España.\r\n\r\nSegún todas las fuentes, **Esperanza Aguirre ha estado circulando durante toda la mañana** por Gran Vía dirigiendo un convoy formado por 15 camiones altamente contaminantes diseñados por ingenieros orcos para defender \"el liberalismo, el librepensamiento, la libertad individual y la intromisión ilegítima del Estado en el Medio Ambiente individual\".\r\n[[http://www.precege.com/wp-content/uploads/2015/12/oposiciones-madrid.jpg|full|Imagen final]]','2017-04-25 10:07:58','http://www.mifuente.com','Muere Masaya Nakamura, el padre del legendario videojuego Pac-Man',0,'',6),(20,'tecnologia','Madrid ha activado esta mañana por primera vez en su historia el escenario 3 del protocolo de contaminación, que **prohíbe circular** por la ciudad a cualquier persona que no haya votado a Manuela Carmena en las pasadas elecciones municipales. \"*La alta **contaminación** de dióxido de nitrógeno (NO2) nos obliga a prohibir que entren en la almendra central de la ciudad los vehículos cuyos propietarios sean de derechas*\", ha explicado Marta Higueras, teniente de alcalde del Ayuntamiento de Madrid.\r\n\r\n~~\r\n\"Nadie de izquierdas tiene coche\",\r\ninsisten desde el consistorio.\r\n~~\r\n\r\n\"*El objetivo principal es minimizar los efectos de la polución en la salud de la ciudadanía, pues había días que no se podía respirar en la ciudad*\", ha explicado la delegada de Medio Ambiente para defender la aplicación, en el día de hoy, de las restricciones al tráfico a los conductores que no han votado a partidos de izquierdas. Según los primeros datos manejados por el Consistorio, en la primera hora de aplicación de la medida (entre las 7 y las 8 de la mañana) hubo un **8% menos de coches** que accedieron al centro de la capital.\r\n\r\nTambién según los datos manejados por las autoridades, se han escuchado muchas menos emisoras de ideología conservadora y se han atropellado menos ciclistas de Podemos que en un día normal.\r\n\r\n[[http://madrid.gonzalocebrian.com/wp-content/themes/journal2/img/loading_home3.jpg|right|Imagen lateral]]\r\n\r\nLa delegada no ha avanzado datos sobre **multas**, algo que se dejará para el final del episodio, y ha querido incidir en el mensaje principal: poner el foco en la salud de la población. \"*El mensaje principal es que hay que cumplir las ordenanza*\", ha afirmado Sabanés, y ha recordado: \"*Todos los agentes saben lo que tienen que hacer, que es informar y dar alternativas ideológicas a los conductores*\".\r\n\r\n\"*Yo soy de derechas y por lo tanto mis pulmones son liberales y pueden soportar cualquier tipo de aire contaminado siempre que éste sea español y provenga de coches fabricados por grandes corporaciones capitalistas*\", ha explicado un ciudadano que se ha visto obligado a coger el tren **como los hippies de la Edad Media**.\r\n\r\nLa medida ha entrado en vigor a las 6.30 de esta mañana y se extenderá **hasta las 21.00**. Las restricciones de aparcamiento arrancan a las 9.00 y finalizan a las 21.00. La policía ya ha empezado a multar a los coches con pegatinas con la bandera de España.\r\n\r\nSegún todas las fuentes, **Esperanza Aguirre ha estado circulando durante toda la mañana** por Gran Vía dirigiendo un convoy formado por 15 camiones altamente contaminantes diseñados por ingenieros orcos para defender \"el liberalismo, el librepensamiento, la libertad individual y la intromisión ilegítima del Estado en el Medio Ambiente individual\".\r\n[[http://www.precege.com/wp-content/uploads/2015/12/oposiciones-madrid.jpg|full|Imagen final]]','2017-04-25 10:07:58','http://www.mifuente.com','¿Pueden realmente hackear tus huellas dactilares usando tus fotos en internet?',0,'',6),(21,'tecnologia','Madrid ha activado esta mañana por primera vez en su historia el escenario 3 del protocolo de contaminación, que **prohíbe circular** por la ciudad a cualquier persona que no haya votado a Manuela Carmena en las pasadas elecciones municipales. \"*La alta **contaminación** de dióxido de nitrógeno (NO2) nos obliga a prohibir que entren en la almendra central de la ciudad los vehículos cuyos propietarios sean de derechas*\", ha explicado Marta Higueras, teniente de alcalde del Ayuntamiento de Madrid.\r\n\r\n~~\r\n\"Nadie de izquierdas tiene coche\",\r\ninsisten desde el consistorio.\r\n~~\r\n\r\n\"*El objetivo principal es minimizar los efectos de la polución en la salud de la ciudadanía, pues había días que no se podía respirar en la ciudad*\", ha explicado la delegada de Medio Ambiente para defender la aplicación, en el día de hoy, de las restricciones al tráfico a los conductores que no han votado a partidos de izquierdas. Según los primeros datos manejados por el Consistorio, en la primera hora de aplicación de la medida (entre las 7 y las 8 de la mañana) hubo un **8% menos de coches** que accedieron al centro de la capital.\r\n\r\nTambién según los datos manejados por las autoridades, se han escuchado muchas menos emisoras de ideología conservadora y se han atropellado menos ciclistas de Podemos que en un día normal.\r\n\r\n[[http://madrid.gonzalocebrian.com/wp-content/themes/journal2/img/loading_home3.jpg|right|Imagen lateral]]\r\n\r\nLa delegada no ha avanzado datos sobre **multas**, algo que se dejará para el final del episodio, y ha querido incidir en el mensaje principal: poner el foco en la salud de la población. \"*El mensaje principal es que hay que cumplir las ordenanza*\", ha afirmado Sabanés, y ha recordado: \"*Todos los agentes saben lo que tienen que hacer, que es informar y dar alternativas ideológicas a los conductores*\".\r\n\r\n\"*Yo soy de derechas y por lo tanto mis pulmones son liberales y pueden soportar cualquier tipo de aire contaminado siempre que éste sea español y provenga de coches fabricados por grandes corporaciones capitalistas*\", ha explicado un ciudadano que se ha visto obligado a coger el tren **como los hippies de la Edad Media**.\r\n\r\nLa medida ha entrado en vigor a las 6.30 de esta mañana y se extenderá **hasta las 21.00**. Las restricciones de aparcamiento arrancan a las 9.00 y finalizan a las 21.00. La policía ya ha empezado a multar a los coches con pegatinas con la bandera de España.\r\n\r\nSegún todas las fuentes, **Esperanza Aguirre ha estado circulando durante toda la mañana** por Gran Vía dirigiendo un convoy formado por 15 camiones altamente contaminantes diseñados por ingenieros orcos para defender \"el liberalismo, el librepensamiento, la libertad individual y la intromisión ilegítima del Estado en el Medio Ambiente individual\".\r\n[[http://www.precege.com/wp-content/uploads/2015/12/oposiciones-madrid.jpg|full|Imagen final]]','2017-04-25 10:07:58','http://www.mifuente.com','El fútbol reclama el uso de la tecnología de inmediato',0,'',6),(22,'cultura','Madrid ha activado esta mañana por primera vez en su historia el escenario 3 del protocolo de contaminación, que **prohíbe circular** por la ciudad a cualquier persona que no haya votado a Manuela Carmena en las pasadas elecciones municipales. \"*La alta **contaminación** de dióxido de nitrógeno (NO2) nos obliga a prohibir que entren en la almendra central de la ciudad los vehículos cuyos propietarios sean de derechas*\", ha explicado Marta Higueras, teniente de alcalde del Ayuntamiento de Madrid.\r\n\r\n~~\r\n\"Nadie de izquierdas tiene coche\",\r\ninsisten desde el consistorio.\r\n~~\r\n\r\n\"*El objetivo principal es minimizar los efectos de la polución en la salud de la ciudadanía, pues había días que no se podía respirar en la ciudad*\", ha explicado la delegada de Medio Ambiente para defender la aplicación, en el día de hoy, de las restricciones al tráfico a los conductores que no han votado a partidos de izquierdas. Según los primeros datos manejados por el Consistorio, en la primera hora de aplicación de la medida (entre las 7 y las 8 de la mañana) hubo un **8% menos de coches** que accedieron al centro de la capital.\r\n\r\nTambién según los datos manejados por las autoridades, se han escuchado muchas menos emisoras de ideología conservadora y se han atropellado menos ciclistas de Podemos que en un día normal.\r\n\r\n[[http://madrid.gonzalocebrian.com/wp-content/themes/journal2/img/loading_home3.jpg|right|Imagen lateral]]\r\n\r\nLa delegada no ha avanzado datos sobre **multas**, algo que se dejará para el final del episodio, y ha querido incidir en el mensaje principal: poner el foco en la salud de la población. \"*El mensaje principal es que hay que cumplir las ordenanza*\", ha afirmado Sabanés, y ha recordado: \"*Todos los agentes saben lo que tienen que hacer, que es informar y dar alternativas ideológicas a los conductores*\".\r\n\r\n\"*Yo soy de derechas y por lo tanto mis pulmones son liberales y pueden soportar cualquier tipo de aire contaminado siempre que éste sea español y provenga de coches fabricados por grandes corporaciones capitalistas*\", ha explicado un ciudadano que se ha visto obligado a coger el tren **como los hippies de la Edad Media**.\r\n\r\nLa medida ha entrado en vigor a las 6.30 de esta mañana y se extenderá **hasta las 21.00**. Las restricciones de aparcamiento arrancan a las 9.00 y finalizan a las 21.00. La policía ya ha empezado a multar a los coches con pegatinas con la bandera de España.\r\n\r\nSegún todas las fuentes, **Esperanza Aguirre ha estado circulando durante toda la mañana** por Gran Vía dirigiendo un convoy formado por 15 camiones altamente contaminantes diseñados por ingenieros orcos para defender \"el liberalismo, el librepensamiento, la libertad individual y la intromisión ilegítima del Estado en el Medio Ambiente individual\".\r\n[[http://www.precege.com/wp-content/uploads/2015/12/oposiciones-madrid.jpg|full|Imagen final]]','2017-04-25 10:07:58','http://www.mifuente.com','Hallan la tumba de un desconocido escriba real en Egipto',0,'',6),(23,'cultura','Madrid ha activado esta mañana por primera vez en su historia el escenario 3 del protocolo de contaminación, que **prohíbe circular** por la ciudad a cualquier persona que no haya votado a Manuela Carmena en las pasadas elecciones municipales. \"*La alta **contaminación** de dióxido de nitrógeno (NO2) nos obliga a prohibir que entren en la almendra central de la ciudad los vehículos cuyos propietarios sean de derechas*\", ha explicado Marta Higueras, teniente de alcalde del Ayuntamiento de Madrid.\r\n\r\n~~\r\n\"Nadie de izquierdas tiene coche\",\r\ninsisten desde el consistorio.\r\n~~\r\n\r\n\"*El objetivo principal es minimizar los efectos de la polución en la salud de la ciudadanía, pues había días que no se podía respirar en la ciudad*\", ha explicado la delegada de Medio Ambiente para defender la aplicación, en el día de hoy, de las restricciones al tráfico a los conductores que no han votado a partidos de izquierdas. Según los primeros datos manejados por el Consistorio, en la primera hora de aplicación de la medida (entre las 7 y las 8 de la mañana) hubo un **8% menos de coches** que accedieron al centro de la capital.\r\n\r\nTambién según los datos manejados por las autoridades, se han escuchado muchas menos emisoras de ideología conservadora y se han atropellado menos ciclistas de Podemos que en un día normal.\r\n\r\n[[http://madrid.gonzalocebrian.com/wp-content/themes/journal2/img/loading_home3.jpg|right|Imagen lateral]]\r\n\r\nLa delegada no ha avanzado datos sobre **multas**, algo que se dejará para el final del episodio, y ha querido incidir en el mensaje principal: poner el foco en la salud de la población. \"*El mensaje principal es que hay que cumplir las ordenanza*\", ha afirmado Sabanés, y ha recordado: \"*Todos los agentes saben lo que tienen que hacer, que es informar y dar alternativas ideológicas a los conductores*\".\r\n\r\n\"*Yo soy de derechas y por lo tanto mis pulmones son liberales y pueden soportar cualquier tipo de aire contaminado siempre que éste sea español y provenga de coches fabricados por grandes corporaciones capitalistas*\", ha explicado un ciudadano que se ha visto obligado a coger el tren **como los hippies de la Edad Media**.\r\n\r\nLa medida ha entrado en vigor a las 6.30 de esta mañana y se extenderá **hasta las 21.00**. Las restricciones de aparcamiento arrancan a las 9.00 y finalizan a las 21.00. La policía ya ha empezado a multar a los coches con pegatinas con la bandera de España.\r\n\r\nSegún todas las fuentes, **Esperanza Aguirre ha estado circulando durante toda la mañana** por Gran Vía dirigiendo un convoy formado por 15 camiones altamente contaminantes diseñados por ingenieros orcos para defender \"el liberalismo, el librepensamiento, la libertad individual y la intromisión ilegítima del Estado en el Medio Ambiente individual\".\r\n[[http://www.precege.com/wp-content/uploads/2015/12/oposiciones-madrid.jpg|full|Imagen final]]','2017-04-25 10:07:58','http://www.mifuente.com','Emerge en Londres un Dalí fuera de mercado desde 1925',0,'',6),(24,'cultura','Madrid ha activado esta mañana por primera vez en su historia el escenario 3 del protocolo de contaminación, que **prohíbe circular** por la ciudad a cualquier persona que no haya votado a Manuela Carmena en las pasadas elecciones municipales. \"*La alta **contaminación** de dióxido de nitrógeno (NO2) nos obliga a prohibir que entren en la almendra central de la ciudad los vehículos cuyos propietarios sean de derechas*\", ha explicado Marta Higueras, teniente de alcalde del Ayuntamiento de Madrid.\r\n\r\n~~\r\n\"Nadie de izquierdas tiene coche\",\r\ninsisten desde el consistorio.\r\n~~\r\n\r\n\"*El objetivo principal es minimizar los efectos de la polución en la salud de la ciudadanía, pues había días que no se podía respirar en la ciudad*\", ha explicado la delegada de Medio Ambiente para defender la aplicación, en el día de hoy, de las restricciones al tráfico a los conductores que no han votado a partidos de izquierdas. Según los primeros datos manejados por el Consistorio, en la primera hora de aplicación de la medida (entre las 7 y las 8 de la mañana) hubo un **8% menos de coches** que accedieron al centro de la capital.\r\n\r\nTambién según los datos manejados por las autoridades, se han escuchado muchas menos emisoras de ideología conservadora y se han atropellado menos ciclistas de Podemos que en un día normal.\r\n\r\n[[http://madrid.gonzalocebrian.com/wp-content/themes/journal2/img/loading_home3.jpg|right|Imagen lateral]]\r\n\r\nLa delegada no ha avanzado datos sobre **multas**, algo que se dejará para el final del episodio, y ha querido incidir en el mensaje principal: poner el foco en la salud de la población. \"*El mensaje principal es que hay que cumplir las ordenanza*\", ha afirmado Sabanés, y ha recordado: \"*Todos los agentes saben lo que tienen que hacer, que es informar y dar alternativas ideológicas a los conductores*\".\r\n\r\n\"*Yo soy de derechas y por lo tanto mis pulmones son liberales y pueden soportar cualquier tipo de aire contaminado siempre que éste sea español y provenga de coches fabricados por grandes corporaciones capitalistas*\", ha explicado un ciudadano que se ha visto obligado a coger el tren **como los hippies de la Edad Media**.\r\n\r\nLa medida ha entrado en vigor a las 6.30 de esta mañana y se extenderá **hasta las 21.00**. Las restricciones de aparcamiento arrancan a las 9.00 y finalizan a las 21.00. La policía ya ha empezado a multar a los coches con pegatinas con la bandera de España.\r\n\r\nSegún todas las fuentes, **Esperanza Aguirre ha estado circulando durante toda la mañana** por Gran Vía dirigiendo un convoy formado por 15 camiones altamente contaminantes diseñados por ingenieros orcos para defender \"el liberalismo, el librepensamiento, la libertad individual y la intromisión ilegítima del Estado en el Medio Ambiente individual\".\r\n[[http://www.precege.com/wp-content/uploads/2015/12/oposiciones-madrid.jpg|full|Imagen final]]','2017-04-25 10:07:58','http://www.mifuente.com','La Pax Anza, el triunfo de los españoles frente a navajos, comanches y apaches',0,'',6),(25,'cultura','Madrid ha activado esta mañana por primera vez en su historia el escenario 3 del protocolo de contaminación, que **prohíbe circular** por la ciudad a cualquier persona que no haya votado a Manuela Carmena en las pasadas elecciones municipales. \"*La alta **contaminación** de dióxido de nitrógeno (NO2) nos obliga a prohibir que entren en la almendra central de la ciudad los vehículos cuyos propietarios sean de derechas*\", ha explicado Marta Higueras, teniente de alcalde del Ayuntamiento de Madrid.\r\n\r\n~~\r\n\"Nadie de izquierdas tiene coche\",\r\ninsisten desde el consistorio.\r\n~~\r\n\r\n\"*El objetivo principal es minimizar los efectos de la polución en la salud de la ciudadanía, pues había días que no se podía respirar en la ciudad*\", ha explicado la delegada de Medio Ambiente para defender la aplicación, en el día de hoy, de las restricciones al tráfico a los conductores que no han votado a partidos de izquierdas. Según los primeros datos manejados por el Consistorio, en la primera hora de aplicación de la medida (entre las 7 y las 8 de la mañana) hubo un **8% menos de coches** que accedieron al centro de la capital.\r\n\r\nTambién según los datos manejados por las autoridades, se han escuchado muchas menos emisoras de ideología conservadora y se han atropellado menos ciclistas de Podemos que en un día normal.\r\n\r\n[[http://madrid.gonzalocebrian.com/wp-content/themes/journal2/img/loading_home3.jpg|right|Imagen lateral]]\r\n\r\nLa delegada no ha avanzado datos sobre **multas**, algo que se dejará para el final del episodio, y ha querido incidir en el mensaje principal: poner el foco en la salud de la población. \"*El mensaje principal es que hay que cumplir las ordenanza*\", ha afirmado Sabanés, y ha recordado: \"*Todos los agentes saben lo que tienen que hacer, que es informar y dar alternativas ideológicas a los conductores*\".\r\n\r\n\"*Yo soy de derechas y por lo tanto mis pulmones son liberales y pueden soportar cualquier tipo de aire contaminado siempre que éste sea español y provenga de coches fabricados por grandes corporaciones capitalistas*\", ha explicado un ciudadano que se ha visto obligado a coger el tren **como los hippies de la Edad Media**.\r\n\r\nLa medida ha entrado en vigor a las 6.30 de esta mañana y se extenderá **hasta las 21.00**. Las restricciones de aparcamiento arrancan a las 9.00 y finalizan a las 21.00. La policía ya ha empezado a multar a los coches con pegatinas con la bandera de España.\r\n\r\nSegún todas las fuentes, **Esperanza Aguirre ha estado circulando durante toda la mañana** por Gran Vía dirigiendo un convoy formado por 15 camiones altamente contaminantes diseñados por ingenieros orcos para defender \"el liberalismo, el librepensamiento, la libertad individual y la intromisión ilegítima del Estado en el Medio Ambiente individual\".\r\n[[http://www.precege.com/wp-content/uploads/2015/12/oposiciones-madrid.jpg|full|Imagen final]]','2017-04-25 10:07:58','http://www.mifuente.com','La La land o la amenaza histórica de llevarse un batacazo en los Oscar',0,'',6),(26,'madrid','Madrid ha activado esta mañana por primera vez en su historia el escenario 3 del protocolo de contaminación, que **prohíbe circular** por la ciudad a cualquier persona que no haya votado a Manuela Carmena en las pasadas elecciones municipales. \"*La alta **contaminación** de dióxido de nitrógeno (NO2) nos obliga a prohibir que entren en la almendra central de la ciudad los vehículos cuyos propietarios sean de derechas*\", ha explicado Marta Higueras, teniente de alcalde del Ayuntamiento de Madrid.\r\n\r\n~~\r\n\"Nadie de izquierdas tiene coche\",\r\ninsisten desde el consistorio.\r\n~~\r\n\r\n\"*El objetivo principal es minimizar los efectos de la polución en la salud de la ciudadanía, pues había días que no se podía respirar en la ciudad*\", ha explicado la delegada de Medio Ambiente para defender la aplicación, en el día de hoy, de las restricciones al tráfico a los conductores que no han votado a partidos de izquierdas. Según los primeros datos manejados por el Consistorio, en la primera hora de aplicación de la medida (entre las 7 y las 8 de la mañana) hubo un **8% menos de coches** que accedieron al centro de la capital.\r\n\r\nTambién según los datos manejados por las autoridades, se han escuchado muchas menos emisoras de ideología conservadora y se han atropellado menos ciclistas de Podemos que en un día normal.\r\n\r\n[[http://madrid.gonzalocebrian.com/wp-content/themes/journal2/img/loading_home3.jpg|right|Imagen lateral]]\r\n\r\nLa delegada no ha avanzado datos sobre **multas**, algo que se dejará para el final del episodio, y ha querido incidir en el mensaje principal: poner el foco en la salud de la población. \"*El mensaje principal es que hay que cumplir las ordenanza*\", ha afirmado Sabanés, y ha recordado: \"*Todos los agentes saben lo que tienen que hacer, que es informar y dar alternativas ideológicas a los conductores*\".\r\n\r\n\"*Yo soy de derechas y por lo tanto mis pulmones son liberales y pueden soportar cualquier tipo de aire contaminado siempre que éste sea español y provenga de coches fabricados por grandes corporaciones capitalistas*\", ha explicado un ciudadano que se ha visto obligado a coger el tren **como los hippies de la Edad Media**.\r\n\r\nLa medida ha entrado en vigor a las 6.30 de esta mañana y se extenderá **hasta las 21.00**. Las restricciones de aparcamiento arrancan a las 9.00 y finalizan a las 21.00. La policía ya ha empezado a multar a los coches con pegatinas con la bandera de España.\r\n\r\nSegún todas las fuentes, **Esperanza Aguirre ha estado circulando durante toda la mañana** por Gran Vía dirigiendo un convoy formado por 15 camiones altamente contaminantes diseñados por ingenieros orcos para defender \"el liberalismo, el librepensamiento, la libertad individual y la intromisión ilegítima del Estado en el Medio Ambiente individual\".\r\n[[http://www.precege.com/wp-content/uploads/2015/12/oposiciones-madrid.jpg|full|Imagen final]]','2017-04-25 10:07:58','http://www.mifuente.com','La plaza de Santo Domingo volverá a tener un aparcamiento1',0,'',6),(27,'madrid','Madrid ha activado esta mañana por primera vez en su historia el escenario 3 del protocolo de contaminación, que **prohíbe circular** por la ciudad a cualquier persona que no haya votado a Manuela Carmena en las pasadas elecciones municipales. \"*La alta **contaminación** de dióxido de nitrógeno (NO2) nos obliga a prohibir que entren en la almendra central de la ciudad los vehículos cuyos propietarios sean de derechas*\", ha explicado Marta Higueras, teniente de alcalde del Ayuntamiento de Madrid.\r\n\r\n~~\r\n\"Nadie de izquierdas tiene coche\",\r\ninsisten desde el consistorio.\r\n~~\r\n\r\n\"*El objetivo principal es minimizar los efectos de la polución en la salud de la ciudadanía, pues había días que no se podía respirar en la ciudad*\", ha explicado la delegada de Medio Ambiente para defender la aplicación, en el día de hoy, de las restricciones al tráfico a los conductores que no han votado a partidos de izquierdas. Según los primeros datos manejados por el Consistorio, en la primera hora de aplicación de la medida (entre las 7 y las 8 de la mañana) hubo un **8% menos de coches** que accedieron al centro de la capital.\r\n\r\nTambién según los datos manejados por las autoridades, se han escuchado muchas menos emisoras de ideología conservadora y se han atropellado menos ciclistas de Podemos que en un día normal.\r\n\r\n[[http://madrid.gonzalocebrian.com/wp-content/themes/journal2/img/loading_home3.jpg|right|Imagen lateral]]\r\n\r\nLa delegada no ha avanzado datos sobre **multas**, algo que se dejará para el final del episodio, y ha querido incidir en el mensaje principal: poner el foco en la salud de la población. \"*El mensaje principal es que hay que cumplir las ordenanza*\", ha afirmado Sabanés, y ha recordado: \"*Todos los agentes saben lo que tienen que hacer, que es informar y dar alternativas ideológicas a los conductores*\".\r\n\r\n\"*Yo soy de derechas y por lo tanto mis pulmones son liberales y pueden soportar cualquier tipo de aire contaminado siempre que éste sea español y provenga de coches fabricados por grandes corporaciones capitalistas*\", ha explicado un ciudadano que se ha visto obligado a coger el tren **como los hippies de la Edad Media**.\r\n\r\nLa medida ha entrado en vigor a las 6.30 de esta mañana y se extenderá **hasta las 21.00**. Las restricciones de aparcamiento arrancan a las 9.00 y finalizan a las 21.00. La policía ya ha empezado a multar a los coches con pegatinas con la bandera de España.\r\n\r\nSegún todas las fuentes, **Esperanza Aguirre ha estado circulando durante toda la mañana** por Gran Vía dirigiendo un convoy formado por 15 camiones altamente contaminantes diseñados por ingenieros orcos para defender \"el liberalismo, el librepensamiento, la libertad individual y la intromisión ilegítima del Estado en el Medio Ambiente individual\".\r\n[[http://www.precege.com/wp-content/uploads/2015/12/oposiciones-madrid.jpg|full|Imagen final]]','2017-04-25 10:07:58','http://www.mifuente.com','La plaza de Santo Domingo volverá a tener un aparcamiento2',0,'',6),(28,'madrid','Madrid ha activado esta mañana por primera vez en su historia el escenario 3 del protocolo de contaminación, que **prohíbe circular** por la ciudad a cualquier persona que no haya votado a Manuela Carmena en las pasadas elecciones municipales. \"*La alta **contaminación** de dióxido de nitrógeno (NO2) nos obliga a prohibir que entren en la almendra central de la ciudad los vehículos cuyos propietarios sean de derechas*\", ha explicado Marta Higueras, teniente de alcalde del Ayuntamiento de Madrid.\r\n\r\n~~\r\n\"Nadie de izquierdas tiene coche\",\r\ninsisten desde el consistorio.\r\n~~\r\n\r\n\"*El objetivo principal es minimizar los efectos de la polución en la salud de la ciudadanía, pues había días que no se podía respirar en la ciudad*\", ha explicado la delegada de Medio Ambiente para defender la aplicación, en el día de hoy, de las restricciones al tráfico a los conductores que no han votado a partidos de izquierdas. Según los primeros datos manejados por el Consistorio, en la primera hora de aplicación de la medida (entre las 7 y las 8 de la mañana) hubo un **8% menos de coches** que accedieron al centro de la capital.\r\n\r\nTambién según los datos manejados por las autoridades, se han escuchado muchas menos emisoras de ideología conservadora y se han atropellado menos ciclistas de Podemos que en un día normal.\r\n\r\n[[http://madrid.gonzalocebrian.com/wp-content/themes/journal2/img/loading_home3.jpg|right|Imagen lateral]]\r\n\r\nLa delegada no ha avanzado datos sobre **multas**, algo que se dejará para el final del episodio, y ha querido incidir en el mensaje principal: poner el foco en la salud de la población. \"*El mensaje principal es que hay que cumplir las ordenanza*\", ha afirmado Sabanés, y ha recordado: \"*Todos los agentes saben lo que tienen que hacer, que es informar y dar alternativas ideológicas a los conductores*\".\r\n\r\n\"*Yo soy de derechas y por lo tanto mis pulmones son liberales y pueden soportar cualquier tipo de aire contaminado siempre que éste sea español y provenga de coches fabricados por grandes corporaciones capitalistas*\", ha explicado un ciudadano que se ha visto obligado a coger el tren **como los hippies de la Edad Media**.\r\n\r\nLa medida ha entrado en vigor a las 6.30 de esta mañana y se extenderá **hasta las 21.00**. Las restricciones de aparcamiento arrancan a las 9.00 y finalizan a las 21.00. La policía ya ha empezado a multar a los coches con pegatinas con la bandera de España.\r\n\r\nSegún todas las fuentes, **Esperanza Aguirre ha estado circulando durante toda la mañana** por Gran Vía dirigiendo un convoy formado por 15 camiones altamente contaminantes diseñados por ingenieros orcos para defender \"el liberalismo, el librepensamiento, la libertad individual y la intromisión ilegítima del Estado en el Medio Ambiente individual\".\r\n[[http://www.precege.com/wp-content/uploads/2015/12/oposiciones-madrid.jpg|full|Imagen final]]','2017-04-25 10:07:58','http://www.mifuente.com','La plaza de Santo Domingo volverá a tener un aparcamiento3',0,'',6),(29,'madrid','Madrid ha activado esta mañana por primera vez en su historia el escenario 3 del protocolo de contaminación, que **prohíbe circular** por la ciudad a cualquier persona que no haya votado a Manuela Carmena en las pasadas elecciones municipales. \"*La alta **contaminación** de dióxido de nitrógeno (NO2) nos obliga a prohibir que entren en la almendra central de la ciudad los vehículos cuyos propietarios sean de derechas*\", ha explicado Marta Higueras, teniente de alcalde del Ayuntamiento de Madrid.\r\n\r\n~~\r\n\"Nadie de izquierdas tiene coche\",\r\ninsisten desde el consistorio.\r\n~~\r\n\r\n\"*El objetivo principal es minimizar los efectos de la polución en la salud de la ciudadanía, pues había días que no se podía respirar en la ciudad*\", ha explicado la delegada de Medio Ambiente para defender la aplicación, en el día de hoy, de las restricciones al tráfico a los conductores que no han votado a partidos de izquierdas. Según los primeros datos manejados por el Consistorio, en la primera hora de aplicación de la medida (entre las 7 y las 8 de la mañana) hubo un **8% menos de coches** que accedieron al centro de la capital.\r\n\r\nTambién según los datos manejados por las autoridades, se han escuchado muchas menos emisoras de ideología conservadora y se han atropellado menos ciclistas de Podemos que en un día normal.\r\n\r\n[[http://madrid.gonzalocebrian.com/wp-content/themes/journal2/img/loading_home3.jpg|right|Imagen lateral]]\r\n\r\nLa delegada no ha avanzado datos sobre **multas**, algo que se dejará para el final del episodio, y ha querido incidir en el mensaje principal: poner el foco en la salud de la población. \"*El mensaje principal es que hay que cumplir las ordenanza*\", ha afirmado Sabanés, y ha recordado: \"*Todos los agentes saben lo que tienen que hacer, que es informar y dar alternativas ideológicas a los conductores*\".\r\n\r\n\"*Yo soy de derechas y por lo tanto mis pulmones son liberales y pueden soportar cualquier tipo de aire contaminado siempre que éste sea español y provenga de coches fabricados por grandes corporaciones capitalistas*\", ha explicado un ciudadano que se ha visto obligado a coger el tren **como los hippies de la Edad Media**.\r\n\r\nLa medida ha entrado en vigor a las 6.30 de esta mañana y se extenderá **hasta las 21.00**. Las restricciones de aparcamiento arrancan a las 9.00 y finalizan a las 21.00. La policía ya ha empezado a multar a los coches con pegatinas con la bandera de España.\r\n\r\nSegún todas las fuentes, **Esperanza Aguirre ha estado circulando durante toda la mañana** por Gran Vía dirigiendo un convoy formado por 15 camiones altamente contaminantes diseñados por ingenieros orcos para defender \"el liberalismo, el librepensamiento, la libertad individual y la intromisión ilegítima del Estado en el Medio Ambiente individual\".\r\n[[http://www.precege.com/wp-content/uploads/2015/12/oposiciones-madrid.jpg|full|Imagen final]]','2017-04-25 10:07:58','http://www.mifuente.com','La plaza de Santo Domingo volverá a tener un aparcamiento4',0,'',6),(30,'madrid','Madrid ha activado esta mañana por primera vez en su historia el escenario 3 del protocolo de contaminación, que **prohíbe circular** por la ciudad a cualquier persona que no haya votado a Manuela Carmena en las pasadas elecciones municipales. \"*La alta **contaminación** de dióxido de nitrógeno (NO2) nos obliga a prohibir que entren en la almendra central de la ciudad los vehículos cuyos propietarios sean de derechas*\", ha explicado Marta Higueras, teniente de alcalde del Ayuntamiento de Madrid.\r\n\r\n~~\r\n\"Nadie de izquierdas tiene coche\",\r\ninsisten desde el consistorio.\r\n~~\r\n\r\n\"*El objetivo principal es minimizar los efectos de la polución en la salud de la ciudadanía, pues había días que no se podía respirar en la ciudad*\", ha explicado la delegada de Medio Ambiente para defender la aplicación, en el día de hoy, de las restricciones al tráfico a los conductores que no han votado a partidos de izquierdas. Según los primeros datos manejados por el Consistorio, en la primera hora de aplicación de la medida (entre las 7 y las 8 de la mañana) hubo un **8% menos de coches** que accedieron al centro de la capital.\r\n\r\nTambién según los datos manejados por las autoridades, se han escuchado muchas menos emisoras de ideología conservadora y se han atropellado menos ciclistas de Podemos que en un día normal.\r\n\r\n[[http://madrid.gonzalocebrian.com/wp-content/themes/journal2/img/loading_home3.jpg|right|Imagen lateral]]\r\n\r\nLa delegada no ha avanzado datos sobre **multas**, algo que se dejará para el final del episodio, y ha querido incidir en el mensaje principal: poner el foco en la salud de la población. \"*El mensaje principal es que hay que cumplir las ordenanza*\", ha afirmado Sabanés, y ha recordado: \"*Todos los agentes saben lo que tienen que hacer, que es informar y dar alternativas ideológicas a los conductores*\".\r\n\r\n\"*Yo soy de derechas y por lo tanto mis pulmones son liberales y pueden soportar cualquier tipo de aire contaminado siempre que éste sea español y provenga de coches fabricados por grandes corporaciones capitalistas*\", ha explicado un ciudadano que se ha visto obligado a coger el tren **como los hippies de la Edad Media**.\r\n\r\nLa medida ha entrado en vigor a las 6.30 de esta mañana y se extenderá **hasta las 21.00**. Las restricciones de aparcamiento arrancan a las 9.00 y finalizan a las 21.00. La policía ya ha empezado a multar a los coches con pegatinas con la bandera de España.\r\n\r\nSegún todas las fuentes, **Esperanza Aguirre ha estado circulando durante toda la mañana** por Gran Vía dirigiendo un convoy formado por 15 camiones altamente contaminantes diseñados por ingenieros orcos para defender \"el liberalismo, el librepensamiento, la libertad individual y la intromisión ilegítima del Estado en el Medio Ambiente individual\".\r\n[[http://www.precege.com/wp-content/uploads/2015/12/oposiciones-madrid.jpg|full|Imagen final]]','2017-04-25 10:07:58','http://www.mifuente.com','La plaza de Santo Domingo volverá a tener un aparcamiento5',0,'',6),(31,'madrid','Madrid ha activado esta mañana por primera vez en su historia el escenario 3 del protocolo de contaminación, que **prohíbe circular** por la ciudad a cualquier persona que no haya votado a Manuela Carmena en las pasadas elecciones municipales. \"*La alta **contaminación** de dióxido de nitrógeno (NO2) nos obliga a prohibir que entren en la almendra central de la ciudad los vehículos cuyos propietarios sean de derechas*\", ha explicado Marta Higueras, teniente de alcalde del Ayuntamiento de Madrid.\r\n\r\n~~\r\n\"Nadie de izquierdas tiene coche\",\r\ninsisten desde el consistorio.\r\n~~\r\n\r\n\"*El objetivo principal es minimizar los efectos de la polución en la salud de la ciudadanía, pues había días que no se podía respirar en la ciudad*\", ha explicado la delegada de Medio Ambiente para defender la aplicación, en el día de hoy, de las restricciones al tráfico a los conductores que no han votado a partidos de izquierdas. Según los primeros datos manejados por el Consistorio, en la primera hora de aplicación de la medida (entre las 7 y las 8 de la mañana) hubo un **8% menos de coches** que accedieron al centro de la capital.\r\n\r\nTambién según los datos manejados por las autoridades, se han escuchado muchas menos emisoras de ideología conservadora y se han atropellado menos ciclistas de Podemos que en un día normal.\r\n\r\n[[http://madrid.gonzalocebrian.com/wp-content/themes/journal2/img/loading_home3.jpg|right|Imagen lateral]]\r\n\r\nLa delegada no ha avanzado datos sobre **multas**, algo que se dejará para el final del episodio, y ha querido incidir en el mensaje principal: poner el foco en la salud de la población. \"*El mensaje principal es que hay que cumplir las ordenanza*\", ha afirmado Sabanés, y ha recordado: \"*Todos los agentes saben lo que tienen que hacer, que es informar y dar alternativas ideológicas a los conductores*\".\r\n\r\n\"*Yo soy de derechas y por lo tanto mis pulmones son liberales y pueden soportar cualquier tipo de aire contaminado siempre que éste sea español y provenga de coches fabricados por grandes corporaciones capitalistas*\", ha explicado un ciudadano que se ha visto obligado a coger el tren **como los hippies de la Edad Media**.\r\n\r\nLa medida ha entrado en vigor a las 6.30 de esta mañana y se extenderá **hasta las 21.00**. Las restricciones de aparcamiento arrancan a las 9.00 y finalizan a las 21.00. La policía ya ha empezado a multar a los coches con pegatinas con la bandera de España.\r\n\r\nSegún todas las fuentes, **Esperanza Aguirre ha estado circulando durante toda la mañana** por Gran Vía dirigiendo un convoy formado por 15 camiones altamente contaminantes diseñados por ingenieros orcos para defender \"el liberalismo, el librepensamiento, la libertad individual y la intromisión ilegítima del Estado en el Medio Ambiente individual\".\r\n[[http://www.precege.com/wp-content/uploads/2015/12/oposiciones-madrid.jpg|full|Imagen final]]','2017-04-25 10:07:58','http://www.mifuente.com','La plaza de Santo Domingo volverá a tener un aparcamiento6',0,'',6),(32,'madrid','Madrid ha activado esta mañana por primera vez en su historia el escenario 3 del protocolo de contaminación, que **prohíbe circular** por la ciudad a cualquier persona que no haya votado a Manuela Carmena en las pasadas elecciones municipales. \"*La alta **contaminación** de dióxido de nitrógeno (NO2) nos obliga a prohibir que entren en la almendra central de la ciudad los vehículos cuyos propietarios sean de derechas*\", ha explicado Marta Higueras, teniente de alcalde del Ayuntamiento de Madrid.\r\n\r\n~~\r\n\"Nadie de izquierdas tiene coche\",\r\ninsisten desde el consistorio.\r\n~~\r\n\r\n\"*El objetivo principal es minimizar los efectos de la polución en la salud de la ciudadanía, pues había días que no se podía respirar en la ciudad*\", ha explicado la delegada de Medio Ambiente para defender la aplicación, en el día de hoy, de las restricciones al tráfico a los conductores que no han votado a partidos de izquierdas. Según los primeros datos manejados por el Consistorio, en la primera hora de aplicación de la medida (entre las 7 y las 8 de la mañana) hubo un **8% menos de coches** que accedieron al centro de la capital.\r\n\r\nTambién según los datos manejados por las autoridades, se han escuchado muchas menos emisoras de ideología conservadora y se han atropellado menos ciclistas de Podemos que en un día normal.\r\n\r\n[[http://madrid.gonzalocebrian.com/wp-content/themes/journal2/img/loading_home3.jpg|right|Imagen lateral]]\r\n\r\nLa delegada no ha avanzado datos sobre **multas**, algo que se dejará para el final del episodio, y ha querido incidir en el mensaje principal: poner el foco en la salud de la población. \"*El mensaje principal es que hay que cumplir las ordenanza*\", ha afirmado Sabanés, y ha recordado: \"*Todos los agentes saben lo que tienen que hacer, que es informar y dar alternativas ideológicas a los conductores*\".\r\n\r\n\"*Yo soy de derechas y por lo tanto mis pulmones son liberales y pueden soportar cualquier tipo de aire contaminado siempre que éste sea español y provenga de coches fabricados por grandes corporaciones capitalistas*\", ha explicado un ciudadano que se ha visto obligado a coger el tren **como los hippies de la Edad Media**.\r\n\r\nLa medida ha entrado en vigor a las 6.30 de esta mañana y se extenderá **hasta las 21.00**. Las restricciones de aparcamiento arrancan a las 9.00 y finalizan a las 21.00. La policía ya ha empezado a multar a los coches con pegatinas con la bandera de España.\r\n\r\nSegún todas las fuentes, **Esperanza Aguirre ha estado circulando durante toda la mañana** por Gran Vía dirigiendo un convoy formado por 15 camiones altamente contaminantes diseñados por ingenieros orcos para defender \"el liberalismo, el librepensamiento, la libertad individual y la intromisión ilegítima del Estado en el Medio Ambiente individual\".\r\n[[http://www.precege.com/wp-content/uploads/2015/12/oposiciones-madrid.jpg|full|Imagen final]]','2017-04-25 10:07:58','http://www.mifuente.com','La plaza de Santo Domingo volverá a tener un aparcamiento7',0,'',6);
/*!40000 ALTER TABLE `articles` ENABLE KEYS */;
UNLOCK TABLES;

--
-- Table structure for table `comments`
--

DROP TABLE IF EXISTS `comments`;
/*!40101 SET @saved_cs_client     = @@character_set_client */;
/*!40101 SET character_set_client = utf8 */;
CREATE TABLE `comments` (
  `id` bigint(20) NOT NULL AUTO_INCREMENT,
  `comment` varchar(500) NOT NULL,
  `date_insert` datetime NOT NULL,
  `number` bigint(20) NOT NULL,
  `article_id` bigint(20) NOT NULL,
  `author_id` bigint(20) NOT NULL,
  PRIMARY KEY (`id`),
  KEY `FKk4ib6syde10dalk7r7xdl0m5p` (`article_id`),
  KEY `FKn2na60ukhs76ibtpt9burkm27` (`author_id`),
  CONSTRAINT `FKk4ib6syde10dalk7r7xdl0m5p` FOREIGN KEY (`article_id`) REFERENCES `articles` (`id`),
  CONSTRAINT `FKn2na60ukhs76ibtpt9burkm27` FOREIGN KEY (`author_id`) REFERENCES `users` (`id`)
) ENGINE=InnoDB AUTO_INCREMENT=5 DEFAULT CHARSET=utf8;
/*!40101 SET character_set_client = @saved_cs_client */;

--
-- Dumping data for table `comments`
--

LOCK TABLES `comments` WRITE;
/*!40000 ALTER TABLE `comments` DISABLE KEYS */;
INSERT INTO `comments` VALUES (1,'Este es un comentario de remero raso','2017-04-25 10:07:58',1,1,5),(2,'Este es un comentario','2017-04-25 10:07:58',2,1,5),(3,'Aqui otro comentario','2017-04-25 10:07:59',3,1,5),(4,'Los comentarios aqui','2017-04-25 10:07:59',4,1,5);
/*!40000 ALTER TABLE `comments` ENABLE KEYS */;
UNLOCK TABLES;

--
-- Table structure for table `favourite`
--

DROP TABLE IF EXISTS `favourite`;
/*!40101 SET @saved_cs_client     = @@character_set_client */;
/*!40101 SET character_set_client = utf8 */;
CREATE TABLE `favourite` (
  `id` bigint(20) NOT NULL AUTO_INCREMENT,
  `culture` bit(1) NOT NULL,
  `madrid` bit(1) NOT NULL,
  `spain` bit(1) NOT NULL,
  `sports` bit(1) NOT NULL,
  `technology` bit(1) NOT NULL,
  `world` bit(1) NOT NULL,
  PRIMARY KEY (`id`)
) ENGINE=InnoDB AUTO_INCREMENT=8 DEFAULT CHARSET=utf8;
/*!40101 SET character_set_client = @saved_cs_client */;

--
-- Dumping data for table `favourite`
--

LOCK TABLES `favourite` WRITE;
/*!40000 ALTER TABLE `favourite` DISABLE KEYS */;
INSERT INTO `favourite` VALUES (1,'\0','\0','\0','\0','\0','\0'),(2,'\0','\0','\0','\0','\0','\0'),(3,'\0','\0','\0','\0','\0','\0'),(4,'\0','\0','\0','\0','\0','\0'),(5,'\0','\0','\0','\0','\0','\0'),(6,'','\0','\0','\0','\0','\0'),(7,'\0','\0','\0','\0','\0','\0');
/*!40000 ALTER TABLE `favourite` ENABLE KEYS */;
UNLOCK TABLES;

--
-- Table structure for table `subscriptions`
--

DROP TABLE IF EXISTS `subscriptions`;
/*!40101 SET @saved_cs_client     = @@character_set_client */;
/*!40101 SET character_set_client = utf8 */;
CREATE TABLE `subscriptions` (
  `id` bigint(20) NOT NULL AUTO_INCREMENT,
  `email` varchar(255) NOT NULL,
  PRIMARY KEY (`id`),
  UNIQUE KEY `UK_c08uu5fehstcspt6nl4k52pbu` (`email`)
) ENGINE=InnoDB DEFAULT CHARSET=utf8;
/*!40101 SET character_set_client = @saved_cs_client */;

--
-- Dumping data for table `subscriptions`
--

LOCK TABLES `subscriptions` WRITE;
/*!40000 ALTER TABLE `subscriptions` DISABLE KEYS */;
/*!40000 ALTER TABLE `subscriptions` ENABLE KEYS */;
UNLOCK TABLES;

--
-- Table structure for table `user_roles`
--

DROP TABLE IF EXISTS `user_roles`;
/*!40101 SET @saved_cs_client     = @@character_set_client */;
/*!40101 SET character_set_client = utf8 */;
CREATE TABLE `user_roles` (
  `user_id` bigint(20) NOT NULL,
  `roles` varchar(255) DEFAULT NULL,
  KEY `FKhfh9dx7w3ubf1co1vdev94g3f` (`user_id`),
  CONSTRAINT `FKhfh9dx7w3ubf1co1vdev94g3f` FOREIGN KEY (`user_id`) REFERENCES `users` (`id`)
) ENGINE=InnoDB DEFAULT CHARSET=utf8;
/*!40101 SET character_set_client = @saved_cs_client */;

--
-- Dumping data for table `user_roles`
--

LOCK TABLES `user_roles` WRITE;
/*!40000 ALTER TABLE `user_roles` DISABLE KEYS */;
INSERT INTO `user_roles` VALUES (1,'ROLE_USER'),(1,'ROLE_PUBLICIST'),(2,'ROLE_USER'),(2,'ROLE_PUBLICIST'),(3,'ROLE_USER'),(3,'ROLE_PUBLICIST'),(4,'ROLE_USER'),(4,'ROLE_PUBLICIST'),(5,'ROLE_USER'),(5,'ROLE_PUBLICIST'),(6,'ROLE_USER'),(6,'ROLE_ADMIN'),(6,'ROLE_PUBLICIST'),(6,'ROLE_EDITOR'),(7,'ROLE_USER'),(7,'ROLE_ADMIN');
/*!40000 ALTER TABLE `user_roles` ENABLE KEYS */;
UNLOCK TABLES;

--
-- Table structure for table `users`
--

DROP TABLE IF EXISTS `users`;
/*!40101 SET @saved_cs_client     = @@character_set_client */;
/*!40101 SET character_set_client = utf8 */;
CREATE TABLE `users` (
  `id` bigint(20) NOT NULL AUTO_INCREMENT,
  `alias` varchar(255) DEFAULT NULL,
  `city` varchar(255) DEFAULT NULL,
  `country` varchar(255) DEFAULT NULL,
  `description` varchar(255) DEFAULT NULL,
  `email` varchar(255) NOT NULL,
  `lastname` varchar(255) NOT NULL,
  `name` varchar(255) NOT NULL,
  `password_hash` varchar(255) NOT NULL,
  `personal_web` varchar(255) DEFAULT NULL,
  `phone` varchar(255) DEFAULT NULL,
  `sex` char(1) DEFAULT NULL,
  `favourites_id` bigint(20) NOT NULL,
  PRIMARY KEY (`id`),
  UNIQUE KEY `UK_6dotkott2kjsp8vw4d0m25fb7` (`email`),
  UNIQUE KEY `UK_22orgon25a45jt87hvbmknks2` (`alias`),
  KEY `FKdnupeb0gtp2qk8ksku69oschv` (`favourites_id`),
  CONSTRAINT `FKdnupeb0gtp2qk8ksku69oschv` FOREIGN KEY (`favourites_id`) REFERENCES `favourite` (`id`)
) ENGINE=InnoDB AUTO_INCREMENT=8 DEFAULT CHARSET=utf8;
/*!40101 SET character_set_client = @saved_cs_client */;

--
-- Dumping data for table `users`
--

LOCK TABLES `users` WRITE;
/*!40000 ALTER TABLE `users` DISABLE KEYS */;
INSERT INTO `users` VALUES (1,NULL,NULL,NULL,NULL,'pepji1@mail.com','jiménez','pepe1','$2a$10$ggIrbzeM2lQlv0setOnzcOHstLd75Po/BvHACqdVb2HTf/.Bp3Pn6',NULL,NULL,NULL,1),(2,NULL,NULL,NULL,NULL,'pepji2@mail.com','jiménez','pepe2','$2a$10$/JsN8SjabhInRuMIR3Z51uYsfimYmMeeHCCVk.QnPiloZiobbpQDq',NULL,NULL,NULL,2),(3,NULL,NULL,NULL,NULL,'pepji3@mail.com','jiménez','pepe3','$2a$10$1wFYrwEaR1HJxA95LwcbdOU.OYjtkM2ZCp2QaCXu1B8zS2q.sEa2K',NULL,NULL,NULL,3),(4,NULL,NULL,NULL,NULL,'pepji4@mail.com','jiménez','pepe4','$2a$10$M/JYZ9DhDvY.ZRK.5fNiYeVg61JdAScuIbjkNQFFYwNU5tutV7C1C',NULL,NULL,NULL,4),(5,NULL,NULL,NULL,NULL,'pepji@mail.com','jiménez','pepe','$2a$10$GYPPLOgbXdRY8GvrcESW5OK5SBpTRXZl1geAcexM9LFJ1U/0mF/C.',NULL,NULL,NULL,5),(6,NULL,NULL,NULL,NULL,'justamente@mail.com','Injusto','Jorge','$2a$10$OKoZKV44oqQCCMOmKkAHH.snHZW5rodpcl0CnRukzbznSQ3vtlVPi',NULL,NULL,NULL,6),(7,'Administrador',NULL,NULL,NULL,'admin@mail.com','1','admin','$2a$10$4MS34Dd2rn7Z18JJdZDQQ.7PG9zvrS2lwaVP2SGRJPkSOtsOLTjyi',NULL,NULL,'f',7);
/*!40000 ALTER TABLE `users` ENABLE KEYS */;
UNLOCK TABLES;
/*!40103 SET TIME_ZONE=@OLD_TIME_ZONE */;

/*!40101 SET SQL_MODE=@OLD_SQL_MODE */;
/*!40014 SET FOREIGN_KEY_CHECKS=@OLD_FOREIGN_KEY_CHECKS */;
/*!40014 SET UNIQUE_CHECKS=@OLD_UNIQUE_CHECKS */;
/*!40101 SET CHARACTER_SET_CLIENT=@OLD_CHARACTER_SET_CLIENT */;
/*!40101 SET CHARACTER_SET_RESULTS=@OLD_CHARACTER_SET_RESULTS */;
/*!40101 SET COLLATION_CONNECTION=@OLD_COLLATION_CONNECTION */;
/*!40111 SET SQL_NOTES=@OLD_SQL_NOTES */;

-- Dump completed on 2017-04-25 10:09:10
